Filename,ObjectID
000001.jpg,1
000001.jpg,3
000001.jpg,4
000001.jpg,5
000002.jpg,1
000002.jpg,3
000002.jpg,4
000002.jpg,5
000003.jpg,1
000003.jpg,3
000003.jpg,4
000003.jpg,5
000004.jpg,1
000004.jpg,3
000004.jpg,4
000004.jpg,5
000005.jpg,1
000005.jpg,3
000005.jpg,4
000005.jpg,5
000006.jpg,1
000006.jpg,3
000006.jpg,4
000006.jpg,5
000007.jpg,1
000007.jpg,3
000007.jpg,4
000007.jpg,5
000008.jpg,1
000008.jpg,3
000008.jpg,4
000008.jpg,5
000009.jpg,1
000009.jpg,3
000009.jpg,4
000009.jpg,5
000010.jpg,1
000010.jpg,3
000010.jpg,4
000010.jpg,5
000011.jpg,1
000011.jpg,3
000011.jpg,4
000011.jpg,5
000012.jpg,1
000012.jpg,3
000012.jpg,4
000012.jpg,5
000013.jpg,1
000013.jpg,3
000013.jpg,4
000013.jpg,5
000014.jpg,1
000014.jpg,3
000014.jpg,4
000014.jpg,5
000015.jpg,1
000015.jpg,3
000015.jpg,4
000015.jpg,5
000015.jpg,22
000016.jpg,1
000016.jpg,3
000016.jpg,4
000016.jpg,5
000016.jpg,22
000017.jpg,1
000017.jpg,3
000017.jpg,4
000017.jpg,5
000017.jpg,22
000018.jpg,1
000018.jpg,3
000018.jpg,4
000018.jpg,5
000018.jpg,22
000019.jpg,1
000019.jpg,3
000019.jpg,4
000019.jpg,5
000019.jpg,22
000020.jpg,1
000020.jpg,3
000020.jpg,4
000020.jpg,5
000020.jpg,22
000021.jpg,1
000021.jpg,3
000021.jpg,4
000021.jpg,5
000021.jpg,22
000022.jpg,1
000022.jpg,2
000022.jpg,3
000022.jpg,4
000022.jpg,5
000022.jpg,22
000023.jpg,1
000023.jpg,2
000023.jpg,3
000023.jpg,4
000023.jpg,5
000023.jpg,22
000024.jpg,1
000024.jpg,2
000024.jpg,3
000024.jpg,4
000024.jpg,5
000024.jpg,22
000025.jpg,1
000025.jpg,2
000025.jpg,3
000025.jpg,4
000025.jpg,5
000025.jpg,22
000026.jpg,1
000026.jpg,2
000026.jpg,3
000026.jpg,4
000026.jpg,5
000026.jpg,22
000027.jpg,1
000027.jpg,2
000027.jpg,3
000027.jpg,4
000027.jpg,5
000027.jpg,22
000028.jpg,1
000028.jpg,2
000028.jpg,3
000028.jpg,4
000028.jpg,5
000028.jpg,22
000029.jpg,1
000029.jpg,2
000029.jpg,3
000029.jpg,4
000029.jpg,5
000029.jpg,22
000030.jpg,1
000030.jpg,2
000030.jpg,3
000030.jpg,4
000030.jpg,5
000030.jpg,22
000031.jpg,1
000031.jpg,2
000031.jpg,3
000031.jpg,4
000031.jpg,5
000031.jpg,22
000032.jpg,1
000032.jpg,2
000032.jpg,3
000032.jpg,4
000032.jpg,5
000032.jpg,22
000033.jpg,1
000033.jpg,2
000033.jpg,3
000033.jpg,4
000033.jpg,5
000033.jpg,22
000034.jpg,1
000034.jpg,2
000034.jpg,3
000034.jpg,4
000034.jpg,5
000034.jpg,22
000035.jpg,1
000035.jpg,2
000035.jpg,3
000035.jpg,4
000035.jpg,5
000035.jpg,22
000036.jpg,1
000036.jpg,2
000036.jpg,3
000036.jpg,4
000036.jpg,5
000036.jpg,22
000037.jpg,1
000037.jpg,2
000037.jpg,3
000037.jpg,4
000037.jpg,5
000037.jpg,22
000038.jpg,1
000038.jpg,2
000038.jpg,3
000038.jpg,4
000038.jpg,5
000038.jpg,22
000039.jpg,1
000039.jpg,2
000039.jpg,3
000039.jpg,4
000039.jpg,5
000039.jpg,22
000040.jpg,1
000040.jpg,2
000040.jpg,3
000040.jpg,4
000040.jpg,5
000040.jpg,22
000041.jpg,1
000041.jpg,2
000041.jpg,3
000041.jpg,4
000041.jpg,5
000041.jpg,22
000042.jpg,1
000042.jpg,2
000042.jpg,3
000042.jpg,4
000042.jpg,5
000042.jpg,22
000043.jpg,1
000043.jpg,2
000043.jpg,3
000043.jpg,4
000043.jpg,5
000043.jpg,22
000044.jpg,1
000044.jpg,2
000044.jpg,3
000044.jpg,4
000044.jpg,5
000044.jpg,22
000045.jpg,1
000045.jpg,2
000045.jpg,3
000045.jpg,4
000045.jpg,5
000045.jpg,22
000046.jpg,1
000046.jpg,2
000046.jpg,3
000046.jpg,4
000046.jpg,5
000046.jpg,6
000046.jpg,22
000047.jpg,1
000047.jpg,2
000047.jpg,3
000047.jpg,4
000047.jpg,5
000047.jpg,6
000047.jpg,22
000048.jpg,1
000048.jpg,2
000048.jpg,3
000048.jpg,4
000048.jpg,5
000048.jpg,6
000048.jpg,22
000049.jpg,1
000049.jpg,2
000049.jpg,3
000049.jpg,4
000049.jpg,5
000049.jpg,6
000049.jpg,22
000050.jpg,1
000050.jpg,2
000050.jpg,3
000050.jpg,4
000050.jpg,5
000050.jpg,6
000050.jpg,22
000051.jpg,1
000051.jpg,2
000051.jpg,3
000051.jpg,4
000051.jpg,5
000051.jpg,6
000051.jpg,22
000052.jpg,1
000052.jpg,2
000052.jpg,3
000052.jpg,4
000052.jpg,5
000052.jpg,6
000052.jpg,22
000053.jpg,1
000053.jpg,2
000053.jpg,3
000053.jpg,4
000053.jpg,5
000053.jpg,6
000053.jpg,22
000054.jpg,1
000054.jpg,2
000054.jpg,3
000054.jpg,4
000054.jpg,5
000054.jpg,6
000054.jpg,22
000055.jpg,1
000055.jpg,2
000055.jpg,3
000055.jpg,4
000055.jpg,5
000055.jpg,6
000055.jpg,22
000056.jpg,1
000056.jpg,2
000056.jpg,3
000056.jpg,4
000056.jpg,5
000056.jpg,6
000056.jpg,22
000057.jpg,1
000057.jpg,2
000057.jpg,3
000057.jpg,4
000057.jpg,5
000057.jpg,6
000057.jpg,22
000058.jpg,1
000058.jpg,2
000058.jpg,3
000058.jpg,4
000058.jpg,5
000058.jpg,6
000058.jpg,22
000059.jpg,1
000059.jpg,2
000059.jpg,3
000059.jpg,4
000059.jpg,5
000059.jpg,6
000059.jpg,22
000060.jpg,1
000060.jpg,2
000060.jpg,3
000060.jpg,4
000060.jpg,5
000060.jpg,6
000060.jpg,22
000061.jpg,1
000061.jpg,2
000061.jpg,3
000061.jpg,4
000061.jpg,5
000061.jpg,6
000061.jpg,22
000062.jpg,1
000062.jpg,2
000062.jpg,3
000062.jpg,4
000062.jpg,5
000062.jpg,6
000062.jpg,22
000063.jpg,1
000063.jpg,2
000063.jpg,3
000063.jpg,4
000063.jpg,5
000063.jpg,6
000063.jpg,22
000064.jpg,1
000064.jpg,2
000064.jpg,3
000064.jpg,4
000064.jpg,5
000064.jpg,6
000064.jpg,22
000065.jpg,1
000065.jpg,2
000065.jpg,3
000065.jpg,4
000065.jpg,5
000065.jpg,6
000065.jpg,22
000066.jpg,1
000066.jpg,2
000066.jpg,3
000066.jpg,4
000066.jpg,5
000066.jpg,6
000066.jpg,22
000067.jpg,1
000067.jpg,2
000067.jpg,3
000067.jpg,4
000067.jpg,5
000067.jpg,6
000067.jpg,22
000068.jpg,1
000068.jpg,2
000068.jpg,3
000068.jpg,4
000068.jpg,5
000068.jpg,6
000068.jpg,12
000068.jpg,22
000069.jpg,1
000069.jpg,2
000069.jpg,3
000069.jpg,4
000069.jpg,5
000069.jpg,6
000069.jpg,12
000069.jpg,22
000070.jpg,1
000070.jpg,2
000070.jpg,3
000070.jpg,4
000070.jpg,5
000070.jpg,6
000070.jpg,12
000070.jpg,22