Filename,Label
0001_0001.jpg,0
0001_0003.jpg,0
0001_0004.jpg,0
0001_0005.jpg,0
0002_0001.jpg,0
0002_0003.jpg,0
0002_0004.jpg,0
0002_0005.jpg,0
0003_0001.jpg,0
0003_0003.jpg,0
0003_0004.jpg,0
0003_0005.jpg,0
0004_0001.jpg,0
0004_0003.jpg,0
0004_0004.jpg,0
0004_0005.jpg,0
0005_0001.jpg,0
0005_0003.jpg,0
0005_0004.jpg,0
0005_0005.jpg,0
0006_0001.jpg,0
0006_0003.jpg,0
0006_0004.jpg,0
0006_0005.jpg,0
0007_0001.jpg,0
0007_0003.jpg,0
0007_0004.jpg,0
0007_0005.jpg,0
0008_0001.jpg,0
0008_0003.jpg,0
0008_0004.jpg,0
0008_0005.jpg,0
0009_0001.jpg,0
0009_0003.jpg,0
0009_0004.jpg,0
0009_0005.jpg,0
0010_0001.jpg,0
0010_0003.jpg,0
0010_0004.jpg,0
0010_0005.jpg,0
0011_0001.jpg,0
0011_0003.jpg,0
0011_0004.jpg,0
0011_0005.jpg,0
0012_0001.jpg,0
0012_0003.jpg,0
0012_0004.jpg,0
0012_0005.jpg,0
0013_0001.jpg,0
0013_0003.jpg,0
0013_0004.jpg,0
0013_0005.jpg,0
0014_0001.jpg,0
0014_0003.jpg,0
0014_0004.jpg,0
0014_0005.jpg,0
0015_0001.jpg,0
0015_0003.jpg,0
0015_0004.jpg,0
0015_0005.jpg,0
0015_0022.jpg,0
0016_0001.jpg,0
0016_0003.jpg,0
0016_0004.jpg,0
0016_0005.jpg,0
0016_0022.jpg,0
0017_0001.jpg,0
0017_0003.jpg,0
0017_0004.jpg,0
0017_0005.jpg,0
0017_0022.jpg,0
0018_0001.jpg,0
0018_0003.jpg,0
0018_0004.jpg,0
0018_0005.jpg,0
0018_0022.jpg,0
0019_0001.jpg,0
0019_0003.jpg,0
0019_0004.jpg,0
0019_0005.jpg,0
0019_0022.jpg,0
0020_0001.jpg,0
0020_0003.jpg,0
0020_0004.jpg,0
0020_0005.jpg,0
0020_0022.jpg,0
0021_0001.jpg,0
0021_0003.jpg,0
0021_0004.jpg,0
0021_0005.jpg,0
0021_0022.jpg,0
0022_0001.jpg,0
0022_0002.jpg,0
0022_0003.jpg,0
0022_0004.jpg,0
0022_0005.jpg,0
0022_0022.jpg,0
0023_0001.jpg,0
0023_0002.jpg,0
0023_0003.jpg,0
0023_0004.jpg,0
0023_0005.jpg,0
0023_0022.jpg,0
0024_0001.jpg,0
0024_0002.jpg,0
0024_0003.jpg,0
0024_0004.jpg,0
0024_0005.jpg,0
0024_0022.jpg,0
0025_0001.jpg,0
0025_0002.jpg,0
0025_0003.jpg,0
0025_0004.jpg,0
0025_0005.jpg,0
0025_0022.jpg,0
0026_0001.jpg,0
0026_0002.jpg,0
0026_0003.jpg,0
0026_0004.jpg,0
0026_0005.jpg,0
0026_0022.jpg,0
0027_0001.jpg,0
0027_0002.jpg,0
0027_0003.jpg,0
0027_0004.jpg,0
0027_0005.jpg,0
0027_0022.jpg,0
0028_0001.jpg,0
0028_0002.jpg,0
0028_0003.jpg,0
0028_0004.jpg,0
0028_0005.jpg,0
0028_0022.jpg,0
0029_0001.jpg,0
0029_0002.jpg,0
0029_0003.jpg,0
0029_0004.jpg,0
0029_0005.jpg,0
0029_0022.jpg,0
0030_0001.jpg,0
0030_0002.jpg,0
0030_0003.jpg,0
0030_0004.jpg,0
0030_0005.jpg,0
0030_0022.jpg,0
0031_0001.jpg,0
0031_0002.jpg,0
0031_0003.jpg,0
0031_0004.jpg,0
0031_0005.jpg,0
0031_0022.jpg,0
0032_0001.jpg,0
0032_0002.jpg,0
0032_0003.jpg,0
0032_0004.jpg,0
0032_0005.jpg,0
0032_0022.jpg,0
0033_0001.jpg,0
0033_0002.jpg,0
0033_0003.jpg,0
0033_0004.jpg,0
0033_0005.jpg,0
0033_0022.jpg,0
0034_0001.jpg,0
0034_0002.jpg,0
0034_0003.jpg,0
0034_0004.jpg,0
0034_0005.jpg,0
0034_0022.jpg,0
0035_0001.jpg,0
0035_0002.jpg,0
0035_0003.jpg,0
0035_0004.jpg,0
0035_0005.jpg,0
0035_0022.jpg,0
0036_0001.jpg,0
0036_0002.jpg,0
0036_0003.jpg,0
0036_0004.jpg,0
0036_0005.jpg,0
0036_0022.jpg,0
0037_0001.jpg,0
0037_0002.jpg,0
0037_0003.jpg,0
0037_0004.jpg,0
0037_0005.jpg,0
0037_0022.jpg,0
0038_0001.jpg,0
0038_0002.jpg,0
0038_0003.jpg,0
0038_0004.jpg,0
0038_0005.jpg,0
0038_0022.jpg,0
0039_0001.jpg,0
0039_0002.jpg,0
0039_0003.jpg,0
0039_0004.jpg,0
0039_0005.jpg,0
0039_0022.jpg,0
0040_0001.jpg,0
0040_0002.jpg,0
0040_0003.jpg,0
0040_0004.jpg,0
0040_0005.jpg,0
0040_0022.jpg,0
0041_0001.jpg,0
0041_0002.jpg,0
0041_0003.jpg,0
0041_0004.jpg,0
0041_0005.jpg,0
0041_0022.jpg,0
0042_0001.jpg,0
0042_0002.jpg,0
0042_0003.jpg,0
0042_0004.jpg,0
0042_0005.jpg,0
0042_0022.jpg,0
0043_0001.jpg,0
0043_0002.jpg,0
0043_0003.jpg,0
0043_0004.jpg,0
0043_0005.jpg,0
0043_0022.jpg,0
0044_0001.jpg,0
0044_0002.jpg,0
0044_0003.jpg,0
0044_0004.jpg,0
0044_0005.jpg,0
0044_0022.jpg,0
0045_0001.jpg,0
0045_0002.jpg,0
0045_0003.jpg,0
0045_0004.jpg,0
0045_0005.jpg,0
0045_0022.jpg,0
0046_0001.jpg,0
0046_0002.jpg,0
0046_0003.jpg,0
0046_0004.jpg,0
0046_0005.jpg,0
0046_0006.jpg,0
0046_0022.jpg,0
0047_0001.jpg,0
0047_0002.jpg,0
0047_0003.jpg,0
0047_0004.jpg,0
0047_0005.jpg,0
0047_0006.jpg,0
0047_0022.jpg,0
0048_0001.jpg,0
0048_0002.jpg,0
0048_0003.jpg,0
0048_0004.jpg,0
0048_0005.jpg,0
0048_0006.jpg,0
0048_0022.jpg,0
0049_0001.jpg,0
0049_0002.jpg,0
0049_0003.jpg,0
0049_0004.jpg,0
0049_0005.jpg,0
0049_0006.jpg,0
0049_0022.jpg,0
0050_0001.jpg,0
0050_0002.jpg,0
0050_0003.jpg,0
0050_0004.jpg,0
0050_0005.jpg,0
0050_0006.jpg,0
0050_0022.jpg,0
0051_0001.jpg,0
0051_0002.jpg,0
0051_0003.jpg,0
0051_0004.jpg,0
0051_0005.jpg,0
0051_0006.jpg,0
0051_0022.jpg,0
0052_0001.jpg,0
0052_0002.jpg,0
0052_0003.jpg,0
0052_0004.jpg,0
0052_0005.jpg,0
0052_0006.jpg,0
0052_0022.jpg,0
0053_0001.jpg,0
0053_0002.jpg,0
0053_0003.jpg,0
0053_0004.jpg,0
0053_0005.jpg,0
0053_0006.jpg,0
0053_0022.jpg,0
0054_0001.jpg,0
0054_0002.jpg,0
0054_0003.jpg,0
0054_0004.jpg,0
0054_0005.jpg,0
0054_0006.jpg,0
0054_0022.jpg,0
0055_0001.jpg,0
0055_0002.jpg,0
0055_0003.jpg,0
0055_0004.jpg,0
0055_0005.jpg,0
0055_0006.jpg,0
0055_0022.jpg,0
0056_0001.jpg,0
0056_0002.jpg,0
0056_0003.jpg,0
0056_0004.jpg,0
0056_0005.jpg,0
0056_0006.jpg,0
0056_0022.jpg,0
0057_0001.jpg,0
0057_0002.jpg,0
0057_0003.jpg,0
0057_0004.jpg,0
0057_0005.jpg,0
0057_0006.jpg,0
0057_0022.jpg,0
0058_0001.jpg,0
0058_0002.jpg,0
0058_0003.jpg,0
0058_0004.jpg,0
0058_0005.jpg,0
0058_0006.jpg,0
0058_0022.jpg,0
0059_0001.jpg,0
0059_0002.jpg,0
0059_0003.jpg,0
0059_0004.jpg,0
0059_0005.jpg,0
0059_0006.jpg,0
0059_0022.jpg,0
0060_0001.jpg,0
0060_0002.jpg,0
0060_0003.jpg,0
0060_0004.jpg,0
0060_0005.jpg,0
0060_0006.jpg,0
0060_0022.jpg,0
0061_0001.jpg,0
0061_0002.jpg,0
0061_0003.jpg,0
0061_0004.jpg,0
0061_0005.jpg,0
0061_0006.jpg,0
0061_0022.jpg,0
0062_0001.jpg,0
0062_0002.jpg,0
0062_0003.jpg,0
0062_0004.jpg,0
0062_0005.jpg,0
0062_0006.jpg,0
0062_0022.jpg,0
0063_0001.jpg,0
0063_0002.jpg,0
0063_0003.jpg,0
0063_0004.jpg,0
0063_0005.jpg,0
0063_0006.jpg,0
0063_0022.jpg,0
0064_0001.jpg,0
0064_0002.jpg,0
0064_0003.jpg,0
0064_0004.jpg,0
0064_0005.jpg,0
0064_0006.jpg,0
0064_0022.jpg,0
0065_0001.jpg,0
0065_0002.jpg,0
0065_0003.jpg,0
0065_0004.jpg,0
0065_0005.jpg,0
0065_0006.jpg,0
0065_0022.jpg,0
0066_0001.jpg,0
0066_0002.jpg,0
0066_0003.jpg,0
0066_0004.jpg,0
0066_0005.jpg,0
0066_0006.jpg,0
0066_0022.jpg,0
0067_0001.jpg,0
0067_0002.jpg,0
0067_0003.jpg,0
0067_0004.jpg,0
0067_0005.jpg,0
0067_0006.jpg,0
0067_0022.jpg,0
0068_0001.jpg,0
0068_0002.jpg,0
0068_0003.jpg,0
0068_0004.jpg,0
0068_0005.jpg,0
0068_0006.jpg,0
0068_0012.jpg,0
0068_0022.jpg,0
0069_0001.jpg,0
0069_0002.jpg,0
0069_0003.jpg,0
0069_0004.jpg,0
0069_0005.jpg,0
0069_0006.jpg,0
0069_0012.jpg,0
0069_0022.jpg,0
0070_0001.jpg,0
0070_0002.jpg,0
0070_0003.jpg,0
0070_0004.jpg,0
0070_0005.jpg,0
0070_0006.jpg,0
0070_0012.jpg,0
0070_0022.jpg,0
0071_0001.jpg,0
0071_0002.jpg,0
0071_0003.jpg,0
0071_0004.jpg,0
0071_0005.jpg,0
0071_0006.jpg,0
0071_0012.jpg,0
0071_0022.jpg,0
0072_0001.jpg,0
0072_0002.jpg,0
0072_0003.jpg,0
0072_0004.jpg,0
0072_0005.jpg,0
0072_0006.jpg,0
0072_0012.jpg,0
0073_0001.jpg,0
0073_0002.jpg,0
0073_0003.jpg,0
0073_0004.jpg,0
0073_0005.jpg,0
0073_0006.jpg,0
0073_0012.jpg,0
0074_0001.jpg,0
0074_0002.jpg,0
0074_0003.jpg,0
0074_0004.jpg,0
0074_0005.jpg,0
0074_0006.jpg,0
0074_0012.jpg,0
0075_0001.jpg,0
0075_0002.jpg,0
0075_0003.jpg,0
0075_0004.jpg,0
0075_0005.jpg,0
0075_0006.jpg,0
0075_0012.jpg,0
0076_0001.jpg,0
0076_0002.jpg,0
0076_0003.jpg,0
0076_0004.jpg,0
0076_0005.jpg,0
0076_0006.jpg,0
0076_0012.jpg,0
0077_0001.jpg,0
0077_0002.jpg,0
0077_0003.jpg,0
0077_0004.jpg,0
0077_0005.jpg,0
0077_0006.jpg,0
0077_0012.jpg,0
0078_0001.jpg,0
0078_0002.jpg,0
0078_0003.jpg,0
0078_0004.jpg,0
0078_0005.jpg,0
0078_0006.jpg,0
0078_0012.jpg,0
0079_0001.jpg,0
0079_0002.jpg,0
0079_0003.jpg,0
0079_0004.jpg,0
0079_0005.jpg,0
0079_0006.jpg,0
0079_0012.jpg,0
0080_0001.jpg,0
0080_0002.jpg,0
0080_0003.jpg,0
0080_0004.jpg,0
0080_0005.jpg,0
0080_0006.jpg,0
0080_0012.jpg,0
0081_0001.jpg,0
0081_0002.jpg,0
0081_0003.jpg,0
0081_0004.jpg,0
0081_0005.jpg,0
0081_0006.jpg,0
0081_0012.jpg,0
0082_0001.jpg,0
0082_0002.jpg,0
0082_0003.jpg,0
0082_0004.jpg,0
0082_0005.jpg,0
0082_0006.jpg,0
0082_0012.jpg,0
0083_0001.jpg,0
0083_0002.jpg,0
0083_0003.jpg,0
0083_0004.jpg,0
0083_0005.jpg,0
0083_0006.jpg,0
0083_0012.jpg,0
0084_0001.jpg,0
0084_0002.jpg,0
0084_0003.jpg,0
0084_0004.jpg,0
0084_0005.jpg,0
0084_0006.jpg,0
0084_0012.jpg,0
0085_0001.jpg,0
0085_0002.jpg,0
0085_0003.jpg,0
0085_0004.jpg,0
0085_0005.jpg,0
0085_0006.jpg,0
0085_0012.jpg,0
0086_0001.jpg,0
0086_0002.jpg,0
0086_0003.jpg,0
0086_0004.jpg,0
0086_0005.jpg,0
0086_0006.jpg,0
0086_0012.jpg,0
0087_0001.jpg,0
0087_0002.jpg,0
0087_0003.jpg,0
0087_0004.jpg,0
0087_0005.jpg,0
0087_0006.jpg,0
0087_0012.jpg,0
0088_0001.jpg,0
0088_0002.jpg,0
0088_0003.jpg,0
0088_0004.jpg,0
0088_0005.jpg,0
0088_0006.jpg,0
0088_0012.jpg,0
0089_0001.jpg,0
0089_0002.jpg,0
0089_0003.jpg,0
0089_0004.jpg,0
0089_0005.jpg,0
0089_0006.jpg,0
0089_0012.jpg,0
0090_0001.jpg,0
0090_0002.jpg,0
0090_0003.jpg,0
0090_0004.jpg,0
0090_0005.jpg,0
0090_0006.jpg,0
0090_0012.jpg,0
0091_0001.jpg,0
0091_0002.jpg,0
0091_0003.jpg,0
0091_0004.jpg,0
0091_0005.jpg,0
0091_0006.jpg,0
0091_0012.jpg,0
0092_0001.jpg,0
0092_0002.jpg,0
0092_0003.jpg,0
0092_0004.jpg,0
0092_0005.jpg,0
0092_0006.jpg,0
0092_0012.jpg,0
0093_0001.jpg,0
0093_0002.jpg,0
0093_0003.jpg,0
0093_0004.jpg,0
0093_0005.jpg,0
0093_0006.jpg,0
0093_0012.jpg,0
0094_0001.jpg,0
0094_0002.jpg,0
0094_0003.jpg,0
0094_0004.jpg,0
0094_0005.jpg,0
0094_0006.jpg,0
0094_0012.jpg,0
0095_0001.jpg,0
0095_0002.jpg,0
0095_0003.jpg,0
0095_0004.jpg,0
0095_0005.jpg,0
0095_0006.jpg,0
0095_0012.jpg,0
0096_0001.jpg,0
0096_0002.jpg,0
0096_0003.jpg,0
0096_0004.jpg,0
0096_0005.jpg,0
0096_0006.jpg,0
0096_0012.jpg,0
0097_0001.jpg,0
0097_0002.jpg,0
0097_0003.jpg,0
0097_0004.jpg,0
0097_0005.jpg,0
0097_0006.jpg,0
0097_0012.jpg,0
0098_0001.jpg,0
0098_0002.jpg,0
0098_0003.jpg,0
0098_0004.jpg,0
0098_0005.jpg,0
0098_0006.jpg,0
0098_0012.jpg,0
0099_0001.jpg,0
0099_0002.jpg,0
0099_0003.jpg,0
0099_0004.jpg,0
0099_0005.jpg,0
0099_0006.jpg,0
0099_0012.jpg,0
0100_0001.jpg,0
0100_0002.jpg,0
0100_0003.jpg,0
0100_0004.jpg,0
0100_0005.jpg,0
0100_0006.jpg,0
0100_0012.jpg,0
0101_0001.jpg,0
0101_0002.jpg,0
0101_0003.jpg,0
0101_0004.jpg,0
0101_0005.jpg,0
0101_0006.jpg,0
0101_0012.jpg,0
0102_0001.jpg,0
0102_0002.jpg,0
0102_0003.jpg,0
0102_0004.jpg,0
0102_0005.jpg,0
0102_0006.jpg,0
0102_0012.jpg,0
0103_0001.jpg,0
0103_0002.jpg,0
0103_0003.jpg,0
0103_0004.jpg,0
0103_0005.jpg,0
0103_0006.jpg,0
0103_0012.jpg,0
0104_0001.jpg,0
0104_0002.jpg,0
0104_0003.jpg,0
0104_0004.jpg,0
0104_0005.jpg,0
0104_0006.jpg,0
0104_0012.jpg,0
0105_0001.jpg,0
0105_0002.jpg,0
0105_0003.jpg,0
0105_0004.jpg,0
0105_0005.jpg,0
0105_0006.jpg,0
0105_0012.jpg,0
0106_0001.jpg,0
0106_0002.jpg,0
0106_0003.jpg,0
0106_0004.jpg,0
0106_0005.jpg,0
0106_0006.jpg,0
0106_0012.jpg,0
0107_0001.jpg,0
0107_0002.jpg,0
0107_0003.jpg,0
0107_0004.jpg,0
0107_0005.jpg,0
0107_0006.jpg,0
0107_0012.jpg,0
0108_0001.jpg,0
0108_0002.jpg,0
0108_0003.jpg,0
0108_0004.jpg,0
0108_0005.jpg,0
0108_0006.jpg,0
0108_0012.jpg,0
0109_0001.jpg,0
0109_0002.jpg,0
0109_0003.jpg,0
0109_0004.jpg,0
0109_0005.jpg,0
0109_0006.jpg,0
0109_0012.jpg,0
0110_0001.jpg,0
0110_0002.jpg,0
0110_0003.jpg,0
0110_0004.jpg,0
0110_0005.jpg,0
0110_0006.jpg,0
0110_0012.jpg,0
0111_0001.jpg,0
0111_0002.jpg,0
0111_0003.jpg,0
0111_0004.jpg,0
0111_0005.jpg,0
0111_0006.jpg,0
0111_0012.jpg,0
0112_0001.jpg,0
0112_0002.jpg,0
0112_0003.jpg,0
0112_0004.jpg,0
0112_0005.jpg,0
0112_0006.jpg,0
0112_0012.jpg,0
0113_0001.jpg,0
0113_0002.jpg,0
0113_0003.jpg,0
0113_0004.jpg,0
0113_0005.jpg,0
0113_0006.jpg,0
0113_0012.jpg,0
0114_0001.jpg,0
0114_0002.jpg,0
0114_0003.jpg,0
0114_0004.jpg,0
0114_0005.jpg,0
0114_0006.jpg,0
0114_0012.jpg,0
0115_0001.jpg,0
0115_0002.jpg,0
0115_0003.jpg,0
0115_0004.jpg,0
0115_0005.jpg,0
0115_0006.jpg,0
0115_0012.jpg,0
0116_0001.jpg,0
0116_0002.jpg,0
0116_0003.jpg,0
0116_0004.jpg,0
0116_0005.jpg,0
0116_0006.jpg,0
0116_0012.jpg,0
0117_0001.jpg,0
0117_0002.jpg,0
0117_0003.jpg,0
0117_0004.jpg,0
0117_0005.jpg,0
0117_0006.jpg,0
0117_0012.jpg,0
0118_0001.jpg,0
0118_0002.jpg,0
0118_0003.jpg,0
0118_0004.jpg,0
0118_0005.jpg,0
0118_0006.jpg,0
0118_0012.jpg,0
0119_0001.jpg,0
0119_0002.jpg,0
0119_0003.jpg,0
0119_0004.jpg,0
0119_0005.jpg,0
0119_0006.jpg,0
0119_0012.jpg,0
0120_0001.jpg,0
0120_0002.jpg,0
0120_0003.jpg,0
0120_0004.jpg,0
0120_0005.jpg,0
0120_0006.jpg,0
0120_0012.jpg,0
0121_0001.jpg,0
0121_0002.jpg,0
0121_0003.jpg,0
0121_0004.jpg,0
0121_0005.jpg,0
0121_0006.jpg,0
0121_0012.jpg,0
0122_0001.jpg,0
0122_0002.jpg,0
0122_0003.jpg,0
0122_0004.jpg,0
0122_0005.jpg,0
0122_0006.jpg,0
0122_0012.jpg,0
0123_0001.jpg,0
0123_0002.jpg,0
0123_0003.jpg,0
0123_0004.jpg,0
0123_0005.jpg,0
0123_0006.jpg,0
0123_0012.jpg,0
0124_0001.jpg,0
0124_0002.jpg,0
0124_0003.jpg,0
0124_0004.jpg,0
0124_0005.jpg,0
0124_0006.jpg,0
0124_0012.jpg,0
0125_0001.jpg,0
0125_0002.jpg,0
0125_0003.jpg,0
0125_0004.jpg,0
0125_0005.jpg,0
0125_0006.jpg,0
0125_0012.jpg,0
0126_0001.jpg,0
0126_0002.jpg,0
0126_0003.jpg,0
0126_0004.jpg,0
0126_0005.jpg,0
0126_0006.jpg,0
0126_0012.jpg,0
0127_0001.jpg,0
0127_0002.jpg,0
0127_0003.jpg,0
0127_0004.jpg,0
0127_0005.jpg,0
0127_0006.jpg,0
0127_0012.jpg,0
0128_0001.jpg,0
0128_0002.jpg,0
0128_0003.jpg,0
0128_0004.jpg,0
0128_0005.jpg,0
0128_0006.jpg,0
0128_0012.jpg,0
0129_0001.jpg,0
0129_0002.jpg,0
0129_0003.jpg,0
0129_0004.jpg,0
0129_0005.jpg,0
0129_0006.jpg,0
0129_0012.jpg,0
0130_0001.jpg,0
0130_0002.jpg,0
0130_0003.jpg,0
0130_0004.jpg,0
0130_0005.jpg,0
0130_0006.jpg,0
0130_0012.jpg,0
0131_0001.jpg,0
0131_0002.jpg,0
0131_0003.jpg,0
0131_0004.jpg,0
0131_0005.jpg,0
0131_0006.jpg,0
0131_0012.jpg,0
0132_0001.jpg,0
0132_0002.jpg,0
0132_0003.jpg,0
0132_0004.jpg,0
0132_0005.jpg,0
0132_0006.jpg,0
0132_0012.jpg,0
0133_0001.jpg,0
0133_0002.jpg,0
0133_0003.jpg,0
0133_0004.jpg,0
0133_0005.jpg,0
0133_0006.jpg,0
0133_0012.jpg,0
0134_0001.jpg,0
0134_0002.jpg,0
0134_0003.jpg,0
0134_0004.jpg,0
0134_0005.jpg,0
0134_0006.jpg,0
0134_0012.jpg,0
0135_0001.jpg,0
0135_0002.jpg,0
0135_0003.jpg,0
0135_0004.jpg,0
0135_0005.jpg,0
0135_0006.jpg,0
0135_0012.jpg,0
0136_0001.jpg,0
0136_0002.jpg,0
0136_0003.jpg,0
0136_0004.jpg,0
0136_0005.jpg,0
0136_0006.jpg,0
0136_0012.jpg,0
0137_0001.jpg,0
0137_0002.jpg,0
0137_0003.jpg,0
0137_0004.jpg,0
0137_0005.jpg,0
0137_0006.jpg,0
0137_0012.jpg,0
0138_0001.jpg,0
0138_0002.jpg,0
0138_0003.jpg,0
0138_0004.jpg,0
0138_0005.jpg,0
0138_0006.jpg,0
0138_0012.jpg,0
0139_0001.jpg,0
0139_0002.jpg,0
0139_0003.jpg,0
0139_0004.jpg,0
0139_0005.jpg,0
0139_0006.jpg,0
0139_0012.jpg,0
0140_0001.jpg,0
0140_0002.jpg,0
0140_0003.jpg,0
0140_0004.jpg,0
0140_0005.jpg,0
0140_0006.jpg,0
0140_0012.jpg,0
0141_0001.jpg,0
0141_0002.jpg,0
0141_0003.jpg,0
0141_0004.jpg,0
0141_0005.jpg,0
0141_0006.jpg,0
0141_0012.jpg,0
0142_0001.jpg,0
0142_0002.jpg,0
0142_0003.jpg,0
0142_0004.jpg,0
0142_0005.jpg,0
0142_0006.jpg,0
0142_0012.jpg,0
0143_0001.jpg,0
0143_0002.jpg,0
0143_0003.jpg,0
0143_0004.jpg,0
0143_0005.jpg,0
0143_0006.jpg,0
0143_0012.jpg,0
0143_0013.jpg,0
0144_0001.jpg,0
0144_0002.jpg,0
0144_0003.jpg,0
0144_0004.jpg,0
0144_0005.jpg,0
0144_0006.jpg,0
0144_0012.jpg,0
0144_0013.jpg,0
0145_0001.jpg,0
0145_0002.jpg,0
0145_0003.jpg,0
0145_0004.jpg,0
0145_0005.jpg,0
0145_0006.jpg,0
0145_0012.jpg,0
0145_0013.jpg,0
0146_0001.jpg,0
0146_0002.jpg,0
0146_0003.jpg,0
0146_0004.jpg,0
0146_0005.jpg,0
0146_0006.jpg,0
0146_0012.jpg,0
0146_0013.jpg,0
0147_0001.jpg,0
0147_0002.jpg,0
0147_0003.jpg,0
0147_0004.jpg,0
0147_0005.jpg,0
0147_0006.jpg,0
0147_0012.jpg,0
0147_0013.jpg,0
0147_0015.jpg,0
0148_0001.jpg,0
0148_0002.jpg,0
0148_0003.jpg,0
0148_0004.jpg,0
0148_0005.jpg,0
0148_0006.jpg,0
0148_0012.jpg,0
0148_0013.jpg,0
0148_0015.jpg,0
0148_0024.jpg,0
0149_0001.jpg,0
0149_0002.jpg,0
0149_0003.jpg,0
0149_0004.jpg,0
0149_0005.jpg,0
0149_0006.jpg,0
0149_0012.jpg,0
0149_0013.jpg,0
0149_0015.jpg,0
0149_0024.jpg,0
0150_0001.jpg,0
0150_0002.jpg,0
0150_0003.jpg,0
0150_0004.jpg,0
0150_0005.jpg,0
0150_0006.jpg,0
0150_0012.jpg,0
0150_0013.jpg,0
0150_0015.jpg,0
0150_0024.jpg,0
0151_0001.jpg,0
0151_0002.jpg,0
0151_0003.jpg,0
0151_0004.jpg,0
0151_0005.jpg,0
0151_0006.jpg,0
0151_0012.jpg,0
0151_0013.jpg,0
0151_0015.jpg,0
0151_0024.jpg,0
0152_0001.jpg,0
0152_0002.jpg,0
0152_0003.jpg,0
0152_0004.jpg,0
0152_0005.jpg,0
0152_0006.jpg,0
0152_0012.jpg,0
0152_0013.jpg,0
0152_0015.jpg,0
0152_0024.jpg,0
0153_0001.jpg,0
0153_0002.jpg,0
0153_0003.jpg,0
0153_0004.jpg,0
0153_0005.jpg,0
0153_0006.jpg,0
0153_0012.jpg,0
0153_0013.jpg,0
0153_0015.jpg,0
0153_0024.jpg,0
0154_0001.jpg,0
0154_0002.jpg,0
0154_0003.jpg,0
0154_0004.jpg,0
0154_0005.jpg,0
0154_0006.jpg,0
0154_0012.jpg,0
0154_0013.jpg,0
0154_0015.jpg,0
0154_0024.jpg,0
0155_0001.jpg,0
0155_0002.jpg,0
0155_0003.jpg,0
0155_0004.jpg,0
0155_0005.jpg,0
0155_0006.jpg,0
0155_0012.jpg,0
0155_0013.jpg,0
0155_0015.jpg,0
0155_0024.jpg,0
0156_0001.jpg,0
0156_0002.jpg,0
0156_0003.jpg,0
0156_0004.jpg,0
0156_0005.jpg,0
0156_0006.jpg,0
0156_0012.jpg,0
0156_0013.jpg,0
0156_0015.jpg,0
0156_0024.jpg,0
0157_0001.jpg,0
0157_0002.jpg,0
0157_0003.jpg,0
0157_0004.jpg,0
0157_0005.jpg,0
0157_0006.jpg,0
0157_0012.jpg,0
0157_0013.jpg,0
0157_0015.jpg,0
0157_0024.jpg,0
0158_0001.jpg,0
0158_0002.jpg,0
0158_0003.jpg,0
0158_0004.jpg,0
0158_0005.jpg,0
0158_0006.jpg,0
0158_0012.jpg,0
0158_0013.jpg,0
0158_0015.jpg,0
0158_0024.jpg,0
0159_0001.jpg,0
0159_0002.jpg,0
0159_0003.jpg,0
0159_0004.jpg,0
0159_0005.jpg,0
0159_0006.jpg,0
0159_0012.jpg,0
0159_0013.jpg,0
0159_0015.jpg,0
0159_0024.jpg,0
0160_0001.jpg,0
0160_0002.jpg,0
0160_0003.jpg,0
0160_0004.jpg,0
0160_0005.jpg,0
0160_0006.jpg,0
0160_0012.jpg,0
0160_0013.jpg,0
0160_0015.jpg,0
0160_0024.jpg,0
0161_0001.jpg,0
0161_0002.jpg,0
0161_0003.jpg,0
0161_0004.jpg,0
0161_0005.jpg,0
0161_0006.jpg,0
0161_0012.jpg,0
0161_0013.jpg,0
0161_0015.jpg,0
0161_0024.jpg,0
0162_0001.jpg,0
0162_0002.jpg,0
0162_0003.jpg,0
0162_0004.jpg,0
0162_0005.jpg,0
0162_0006.jpg,0
0162_0012.jpg,0
0162_0013.jpg,0
0162_0015.jpg,0
0162_0024.jpg,0
0163_0001.jpg,0
0163_0002.jpg,0
0163_0003.jpg,0
0163_0004.jpg,0
0163_0005.jpg,0
0163_0006.jpg,0
0163_0012.jpg,0
0163_0013.jpg,0
0163_0015.jpg,0
0163_0024.jpg,0
0164_0001.jpg,0
0164_0002.jpg,0
0164_0003.jpg,0
0164_0004.jpg,0
0164_0005.jpg,0
0164_0006.jpg,0
0164_0012.jpg,0
0164_0013.jpg,0
0164_0015.jpg,0
0164_0024.jpg,0
0165_0001.jpg,0
0165_0002.jpg,0
0165_0003.jpg,0
0165_0004.jpg,0
0165_0005.jpg,0
0165_0006.jpg,0
0165_0012.jpg,0
0165_0013.jpg,0
0165_0015.jpg,0
0165_0024.jpg,0
0166_0001.jpg,0
0166_0002.jpg,0
0166_0003.jpg,0
0166_0004.jpg,0
0166_0005.jpg,0
0166_0006.jpg,0
0166_0012.jpg,0
0166_0013.jpg,0
0166_0015.jpg,0
0166_0024.jpg,0
0167_0001.jpg,0
0167_0002.jpg,0
0167_0003.jpg,0
0167_0004.jpg,0
0167_0005.jpg,0
0167_0006.jpg,0
0167_0012.jpg,0
0167_0013.jpg,0
0167_0015.jpg,0
0167_0024.jpg,0
0168_0001.jpg,0
0168_0002.jpg,0
0168_0003.jpg,0
0168_0004.jpg,0
0168_0005.jpg,0
0168_0006.jpg,0
0168_0012.jpg,0
0168_0013.jpg,0
0168_0015.jpg,0
0168_0024.jpg,0
0169_0001.jpg,0
0169_0002.jpg,0
0169_0003.jpg,0
0169_0004.jpg,0
0169_0005.jpg,0
0169_0006.jpg,0
0169_0012.jpg,0
0169_0013.jpg,0
0169_0015.jpg,0
0169_0024.jpg,0
0170_0001.jpg,0
0170_0002.jpg,0
0170_0003.jpg,0
0170_0004.jpg,0
0170_0005.jpg,0
0170_0006.jpg,0
0170_0012.jpg,0
0170_0013.jpg,0
0170_0015.jpg,0
0170_0024.jpg,0
0171_0001.jpg,0
0171_0002.jpg,0
0171_0003.jpg,0
0171_0004.jpg,0
0171_0005.jpg,0
0171_0006.jpg,0
0171_0012.jpg,0
0171_0013.jpg,0
0171_0015.jpg,0
0171_0024.jpg,0
0172_0001.jpg,0
0172_0002.jpg,0
0172_0003.jpg,0
0172_0004.jpg,0
0172_0005.jpg,0
0172_0006.jpg,0
0172_0012.jpg,0
0172_0013.jpg,0
0172_0015.jpg,0
0172_0024.jpg,0
0173_0001.jpg,0
0173_0002.jpg,0
0173_0003.jpg,0
0173_0004.jpg,0
0173_0005.jpg,0
0173_0006.jpg,0
0173_0012.jpg,0
0173_0013.jpg,0
0173_0015.jpg,0
0173_0024.jpg,0
0174_0001.jpg,0
0174_0002.jpg,0
0174_0003.jpg,0
0174_0004.jpg,0
0174_0005.jpg,0
0174_0006.jpg,0
0174_0012.jpg,0
0174_0013.jpg,0
0174_0015.jpg,0
0174_0024.jpg,0
0175_0001.jpg,0
0175_0002.jpg,0
0175_0003.jpg,0
0175_0004.jpg,0
0175_0005.jpg,0
0175_0006.jpg,0
0175_0012.jpg,0
0175_0013.jpg,0
0175_0015.jpg,0
0175_0024.jpg,0
0176_0001.jpg,0
0176_0002.jpg,0
0176_0003.jpg,0
0176_0004.jpg,0
0176_0005.jpg,0
0176_0006.jpg,0
0176_0012.jpg,0
0176_0013.jpg,0
0176_0015.jpg,0
0176_0024.jpg,0
0177_0001.jpg,0
0177_0002.jpg,0
0177_0003.jpg,0
0177_0004.jpg,0
0177_0005.jpg,0
0177_0006.jpg,0
0177_0012.jpg,0
0177_0013.jpg,0
0177_0015.jpg,0
0177_0024.jpg,0
0178_0001.jpg,0
0178_0002.jpg,0
0178_0003.jpg,0
0178_0004.jpg,0
0178_0005.jpg,0
0178_0006.jpg,0
0178_0012.jpg,0
0178_0013.jpg,0
0178_0015.jpg,0
0178_0024.jpg,0
0179_0001.jpg,0
0179_0002.jpg,0
0179_0003.jpg,0
0179_0004.jpg,0
0179_0005.jpg,0
0179_0006.jpg,0
0179_0012.jpg,0
0179_0013.jpg,0
0179_0015.jpg,0
0179_0024.jpg,0
0180_0001.jpg,0
0180_0002.jpg,0
0180_0003.jpg,0
0180_0004.jpg,0
0180_0005.jpg,0
0180_0006.jpg,0
0180_0012.jpg,0
0180_0013.jpg,0
0180_0015.jpg,0
0180_0024.jpg,0
0181_0001.jpg,0
0181_0002.jpg,0
0181_0003.jpg,0
0181_0004.jpg,0
0181_0005.jpg,0
0181_0006.jpg,0
0181_0012.jpg,0
0181_0013.jpg,0
0181_0015.jpg,0
0181_0024.jpg,0
0182_0001.jpg,0
0182_0002.jpg,0
0182_0003.jpg,0
0182_0004.jpg,0
0182_0005.jpg,0
0182_0006.jpg,0
0182_0012.jpg,0
0182_0013.jpg,0
0182_0015.jpg,0
0182_0024.jpg,0
0183_0001.jpg,0
0183_0002.jpg,0
0183_0003.jpg,0
0183_0004.jpg,0
0183_0005.jpg,0
0183_0006.jpg,0
0183_0012.jpg,0
0183_0013.jpg,0
0183_0015.jpg,0
0183_0024.jpg,0
0184_0001.jpg,0
0184_0002.jpg,0
0184_0003.jpg,0
0184_0004.jpg,0
0184_0005.jpg,0
0184_0006.jpg,0
0184_0012.jpg,0
0184_0013.jpg,0
0184_0015.jpg,0
0184_0024.jpg,0
0185_0001.jpg,0
0185_0002.jpg,0
0185_0003.jpg,0
0185_0004.jpg,0
0185_0005.jpg,0
0185_0006.jpg,0
0185_0012.jpg,0
0185_0013.jpg,0
0185_0015.jpg,0
0185_0016.jpg,0
0185_0024.jpg,0
0186_0001.jpg,0
0186_0002.jpg,0
0186_0003.jpg,0
0186_0004.jpg,0
0186_0005.jpg,0
0186_0006.jpg,0
0186_0012.jpg,0
0186_0013.jpg,0
0186_0015.jpg,0
0186_0016.jpg,0
0186_0024.jpg,0
0187_0001.jpg,0
0187_0002.jpg,0
0187_0003.jpg,0
0187_0004.jpg,0
0187_0005.jpg,0
0187_0006.jpg,0
0187_0012.jpg,0
0187_0013.jpg,0
0187_0015.jpg,0
0187_0016.jpg,0
0187_0024.jpg,0
0188_0001.jpg,0
0188_0002.jpg,0
0188_0003.jpg,0
0188_0004.jpg,0
0188_0005.jpg,0
0188_0006.jpg,0
0188_0012.jpg,0
0188_0013.jpg,0
0188_0015.jpg,0
0188_0016.jpg,0
0188_0024.jpg,0
0189_0001.jpg,0
0189_0002.jpg,0
0189_0003.jpg,0
0189_0004.jpg,0
0189_0005.jpg,0
0189_0006.jpg,0
0189_0012.jpg,0
0189_0013.jpg,0
0189_0015.jpg,0
0189_0016.jpg,0
0189_0024.jpg,0
0190_0001.jpg,0
0190_0002.jpg,0
0190_0003.jpg,0
0190_0004.jpg,0
0190_0005.jpg,0
0190_0006.jpg,0
0190_0012.jpg,0
0190_0013.jpg,0
0190_0015.jpg,0
0190_0016.jpg,0
0190_0024.jpg,0
0191_0001.jpg,0
0191_0002.jpg,0
0191_0003.jpg,0
0191_0004.jpg,0
0191_0005.jpg,0
0191_0006.jpg,0
0191_0012.jpg,0
0191_0013.jpg,0
0191_0015.jpg,0
0191_0016.jpg,0
0191_0024.jpg,0
0192_0001.jpg,0
0192_0002.jpg,0
0192_0003.jpg,0
0192_0004.jpg,0
0192_0005.jpg,0
0192_0006.jpg,0
0192_0012.jpg,0
0192_0013.jpg,0
0192_0015.jpg,0
0192_0016.jpg,0
0192_0017.jpg,0
0192_0024.jpg,0
0193_0001.jpg,0
0193_0002.jpg,0
0193_0003.jpg,0
0193_0004.jpg,0
0193_0005.jpg,0
0193_0006.jpg,0
0193_0012.jpg,0
0193_0013.jpg,0
0193_0015.jpg,0
0193_0016.jpg,0
0193_0017.jpg,0
0193_0024.jpg,0
0194_0001.jpg,0
0194_0002.jpg,0
0194_0003.jpg,0
0194_0004.jpg,0
0194_0005.jpg,0
0194_0006.jpg,0
0194_0012.jpg,0
0194_0013.jpg,0
0194_0015.jpg,0
0194_0016.jpg,0
0194_0017.jpg,0
0194_0024.jpg,0
0195_0001.jpg,0
0195_0002.jpg,0
0195_0003.jpg,0
0195_0004.jpg,0
0195_0005.jpg,0
0195_0006.jpg,0
0195_0012.jpg,0
0195_0013.jpg,0
0195_0015.jpg,0
0195_0016.jpg,0
0195_0017.jpg,0
0195_0024.jpg,0
0196_0002.jpg,0
0196_0003.jpg,0
0196_0004.jpg,0
0196_0005.jpg,0
0196_0006.jpg,0
0196_0012.jpg,0
0196_0013.jpg,0
0196_0015.jpg,0
0196_0016.jpg,0
0196_0017.jpg,0
0196_0024.jpg,0
0197_0002.jpg,0
0197_0003.jpg,0
0197_0004.jpg,0
0197_0005.jpg,0
0197_0006.jpg,0
0197_0012.jpg,0
0197_0013.jpg,0
0197_0015.jpg,0
0197_0016.jpg,0
0197_0017.jpg,0
0197_0024.jpg,0
0198_0002.jpg,0
0198_0003.jpg,0
0198_0004.jpg,0
0198_0005.jpg,0
0198_0006.jpg,0
0198_0012.jpg,0
0198_0013.jpg,0
0198_0015.jpg,0
0198_0016.jpg,0
0198_0017.jpg,0
0198_0024.jpg,0
0199_0002.jpg,0
0199_0003.jpg,0
0199_0004.jpg,0
0199_0005.jpg,0
0199_0006.jpg,0
0199_0012.jpg,0
0199_0013.jpg,0
0199_0015.jpg,0
0199_0016.jpg,0
0199_0017.jpg,0
0199_0024.jpg,0
0200_0002.jpg,0
0200_0003.jpg,0
0200_0004.jpg,0
0200_0005.jpg,0
0200_0006.jpg,0
0200_0012.jpg,0
0200_0013.jpg,0
0200_0015.jpg,0
0200_0016.jpg,0
0200_0017.jpg,0
0200_0024.jpg,0
0201_0002.jpg,0
0201_0003.jpg,0
0201_0004.jpg,0
0201_0005.jpg,0
0201_0006.jpg,0
0201_0012.jpg,0
0201_0013.jpg,0
0201_0015.jpg,0
0201_0016.jpg,0
0201_0017.jpg,0
0201_0024.jpg,0
0202_0002.jpg,0
0202_0003.jpg,0
0202_0004.jpg,0
0202_0005.jpg,0
0202_0006.jpg,0
0202_0012.jpg,0
0202_0013.jpg,0
0202_0015.jpg,0
0202_0016.jpg,0
0202_0017.jpg,0
0202_0024.jpg,0
0203_0002.jpg,0
0203_0003.jpg,0
0203_0004.jpg,0
0203_0005.jpg,0
0203_0006.jpg,0
0203_0012.jpg,0
0203_0013.jpg,0
0203_0015.jpg,0
0203_0016.jpg,0
0203_0017.jpg,0
0203_0024.jpg,0
0204_0002.jpg,0
0204_0003.jpg,0
0204_0004.jpg,0
0204_0005.jpg,0
0204_0006.jpg,0
0204_0012.jpg,0
0204_0013.jpg,0
0204_0015.jpg,0
0204_0016.jpg,0
0204_0017.jpg,0
0204_0024.jpg,0
0205_0002.jpg,0
0205_0003.jpg,0
0205_0004.jpg,0
0205_0005.jpg,0
0205_0006.jpg,0
0205_0012.jpg,0
0205_0013.jpg,0
0205_0015.jpg,0
0205_0016.jpg,0
0205_0017.jpg,0
0205_0024.jpg,0
0206_0002.jpg,0
0206_0003.jpg,0
0206_0004.jpg,0
0206_0005.jpg,0
0206_0006.jpg,0
0206_0012.jpg,0
0206_0013.jpg,0
0206_0015.jpg,0
0206_0016.jpg,0
0206_0017.jpg,0
0206_0024.jpg,0
0207_0002.jpg,0
0207_0003.jpg,0
0207_0004.jpg,0
0207_0005.jpg,0
0207_0006.jpg,0
0207_0012.jpg,0
0207_0013.jpg,0
0207_0015.jpg,0
0207_0016.jpg,0
0207_0017.jpg,0
0207_0024.jpg,0
0208_0002.jpg,0
0208_0003.jpg,0
0208_0004.jpg,0
0208_0005.jpg,0
0208_0006.jpg,0
0208_0012.jpg,0
0208_0013.jpg,0
0208_0015.jpg,0
0208_0016.jpg,0
0208_0017.jpg,0
0208_0024.jpg,0
0209_0002.jpg,0
0209_0003.jpg,0
0209_0004.jpg,0
0209_0005.jpg,0
0209_0006.jpg,0
0209_0012.jpg,0
0209_0013.jpg,0
0209_0015.jpg,0
0209_0016.jpg,0
0209_0017.jpg,0
0209_0024.jpg,0
0210_0002.jpg,0
0210_0003.jpg,0
0210_0004.jpg,0
0210_0005.jpg,0
0210_0006.jpg,0
0210_0012.jpg,0
0210_0013.jpg,0
0210_0015.jpg,0
0210_0016.jpg,0
0210_0017.jpg,0
0210_0018.jpg,0
0210_0024.jpg,0
0211_0002.jpg,0
0211_0003.jpg,0
0211_0004.jpg,0
0211_0005.jpg,0
0211_0006.jpg,0
0211_0012.jpg,0
0211_0013.jpg,0
0211_0015.jpg,0
0211_0016.jpg,0
0211_0017.jpg,0
0211_0018.jpg,0
0211_0024.jpg,0
0212_0002.jpg,0
0212_0003.jpg,0
0212_0004.jpg,0
0212_0005.jpg,0
0212_0006.jpg,0
0212_0012.jpg,0
0212_0013.jpg,0
0212_0015.jpg,0
0212_0016.jpg,0
0212_0017.jpg,0
0212_0018.jpg,0
0212_0024.jpg,0
0213_0002.jpg,0
0213_0003.jpg,0
0213_0004.jpg,0
0213_0005.jpg,0
0213_0006.jpg,0
0213_0012.jpg,0
0213_0013.jpg,0
0213_0015.jpg,0
0213_0016.jpg,0
0213_0017.jpg,0
0213_0018.jpg,0
0213_0024.jpg,0
0214_0002.jpg,0
0214_0003.jpg,0
0214_0004.jpg,0
0214_0005.jpg,0
0214_0006.jpg,0
0214_0012.jpg,0
0214_0013.jpg,0
0214_0015.jpg,0
0214_0016.jpg,0
0214_0017.jpg,0
0214_0018.jpg,0
0214_0024.jpg,0
0215_0002.jpg,0
0215_0003.jpg,0
0215_0004.jpg,0
0215_0005.jpg,0
0215_0006.jpg,0
0215_0012.jpg,0
0215_0013.jpg,0
0215_0015.jpg,0
0215_0016.jpg,0
0215_0017.jpg,0
0215_0018.jpg,0
0215_0024.jpg,0
0216_0002.jpg,0
0216_0003.jpg,0
0216_0004.jpg,0
0216_0005.jpg,0
0216_0006.jpg,0
0216_0012.jpg,0
0216_0013.jpg,0
0216_0015.jpg,0
0216_0016.jpg,0
0216_0017.jpg,0
0216_0018.jpg,0
0216_0024.jpg,0
0217_0002.jpg,0
0217_0003.jpg,0
0217_0004.jpg,0
0217_0005.jpg,0
0217_0012.jpg,0
0217_0013.jpg,0
0217_0015.jpg,0
0217_0016.jpg,0
0217_0017.jpg,0
0217_0018.jpg,0
0217_0024.jpg,0
0218_0002.jpg,0
0218_0003.jpg,0
0218_0004.jpg,0
0218_0005.jpg,0
0218_0012.jpg,0
0218_0013.jpg,0
0218_0015.jpg,0
0218_0016.jpg,0
0218_0017.jpg,0
0218_0018.jpg,0
0218_0024.jpg,0
0219_0002.jpg,0
0219_0003.jpg,0
0219_0004.jpg,0
0219_0005.jpg,0
0219_0012.jpg,0
0219_0013.jpg,0
0219_0015.jpg,0
0219_0016.jpg,0
0219_0017.jpg,0
0219_0018.jpg,0
0219_0024.jpg,0
0220_0002.jpg,0
0220_0003.jpg,0
0220_0004.jpg,0
0220_0005.jpg,0
0220_0012.jpg,0
0220_0013.jpg,0
0220_0015.jpg,0
0220_0016.jpg,0
0220_0017.jpg,0
0220_0018.jpg,0
0220_0024.jpg,0
0221_0002.jpg,0
0221_0003.jpg,0
0221_0004.jpg,0
0221_0005.jpg,0
0221_0013.jpg,0
0221_0015.jpg,0
0221_0016.jpg,0
0221_0017.jpg,0
0221_0018.jpg,0
0221_0019.jpg,0
0221_0024.jpg,0
0222_0002.jpg,0
0222_0003.jpg,0
0222_0004.jpg,0
0222_0005.jpg,0
0222_0013.jpg,0
0222_0015.jpg,0
0222_0016.jpg,0
0222_0017.jpg,0
0222_0018.jpg,0
0222_0019.jpg,0
0222_0024.jpg,0
0223_0002.jpg,0
0223_0003.jpg,0
0223_0004.jpg,0
0223_0005.jpg,0
0223_0013.jpg,0
0223_0015.jpg,0
0223_0016.jpg,0
0223_0017.jpg,0
0223_0018.jpg,0
0223_0019.jpg,0
0223_0024.jpg,0
0224_0002.jpg,0
0224_0003.jpg,0
0224_0004.jpg,0
0224_0005.jpg,0
0224_0013.jpg,0
0224_0015.jpg,0
0224_0016.jpg,0
0224_0017.jpg,0
0224_0018.jpg,0
0224_0019.jpg,0
0224_0024.jpg,0
0225_0002.jpg,0
0225_0003.jpg,0
0225_0004.jpg,0
0225_0005.jpg,0
0225_0013.jpg,0
0225_0015.jpg,0
0225_0016.jpg,0
0225_0017.jpg,0
0225_0018.jpg,0
0225_0019.jpg,0
0225_0024.jpg,0
0226_0002.jpg,0
0226_0003.jpg,0
0226_0004.jpg,0
0226_0005.jpg,0
0226_0013.jpg,0
0226_0015.jpg,0
0226_0016.jpg,0
0226_0017.jpg,0
0226_0018.jpg,0
0226_0019.jpg,0
0226_0024.jpg,0
0227_0002.jpg,0
0227_0003.jpg,0
0227_0004.jpg,0
0227_0005.jpg,0
0227_0013.jpg,0
0227_0015.jpg,0
0227_0016.jpg,0
0227_0017.jpg,0
0227_0018.jpg,0
0227_0019.jpg,0
0227_0024.jpg,0
0228_0002.jpg,0
0228_0003.jpg,0
0228_0004.jpg,0
0228_0005.jpg,0
0228_0012.jpg,0
0228_0013.jpg,0
0228_0015.jpg,0
0228_0016.jpg,0
0228_0017.jpg,0
0228_0018.jpg,0
0228_0019.jpg,0
0228_0024.jpg,0
0229_0002.jpg,0
0229_0003.jpg,0
0229_0004.jpg,0
0229_0005.jpg,0
0229_0012.jpg,0
0229_0013.jpg,0
0229_0015.jpg,0
0229_0016.jpg,0
0229_0017.jpg,0
0229_0018.jpg,0
0229_0019.jpg,0
0229_0024.jpg,0
0230_0002.jpg,0
0230_0003.jpg,0
0230_0004.jpg,0
0230_0005.jpg,0
0230_0012.jpg,0
0230_0013.jpg,0
0230_0015.jpg,0
0230_0016.jpg,0
0230_0017.jpg,0
0230_0018.jpg,0
0230_0019.jpg,0
0230_0024.jpg,0
0231_0002.jpg,0
0231_0003.jpg,0
0231_0004.jpg,0
0231_0005.jpg,0
0231_0012.jpg,0
0231_0013.jpg,0
0231_0015.jpg,0
0231_0016.jpg,0
0231_0017.jpg,0
0231_0018.jpg,0
0231_0019.jpg,0
0231_0024.jpg,0
0232_0002.jpg,0
0232_0003.jpg,0
0232_0004.jpg,0
0232_0005.jpg,0
0232_0007.jpg,0
0232_0012.jpg,0
0232_0013.jpg,0
0232_0015.jpg,0
0232_0016.jpg,0
0232_0017.jpg,0
0232_0018.jpg,0
0232_0019.jpg,0
0232_0024.jpg,0
0233_0002.jpg,0
0233_0003.jpg,0
0233_0004.jpg,0
0233_0005.jpg,0
0233_0007.jpg,0
0233_0012.jpg,0
0233_0013.jpg,0
0233_0015.jpg,0
0233_0016.jpg,0
0233_0017.jpg,0
0233_0018.jpg,0
0233_0019.jpg,0
0233_0024.jpg,0
0234_0002.jpg,0
0234_0003.jpg,0
0234_0004.jpg,0
0234_0005.jpg,0
0234_0007.jpg,0
0234_0012.jpg,0
0234_0013.jpg,0
0234_0015.jpg,0
0234_0016.jpg,0
0234_0017.jpg,0
0234_0018.jpg,0
0234_0019.jpg,0
0234_0024.jpg,0
0235_0002.jpg,0
0235_0003.jpg,0
0235_0004.jpg,0
0235_0005.jpg,0
0235_0007.jpg,0
0235_0012.jpg,0
0235_0013.jpg,0
0235_0015.jpg,0
0235_0016.jpg,0
0235_0017.jpg,0
0235_0018.jpg,0
0235_0019.jpg,0
0235_0024.jpg,0
0236_0002.jpg,0
0236_0003.jpg,0
0236_0004.jpg,0
0236_0005.jpg,0
0236_0007.jpg,0
0236_0012.jpg,0
0236_0013.jpg,0
0236_0015.jpg,0
0236_0016.jpg,0
0236_0017.jpg,0
0236_0018.jpg,0
0236_0019.jpg,0
0236_0024.jpg,0
0237_0002.jpg,0
0237_0003.jpg,0
0237_0004.jpg,0
0237_0005.jpg,0
0237_0007.jpg,0
0237_0012.jpg,0
0237_0013.jpg,0
0237_0015.jpg,0
0237_0016.jpg,0
0237_0017.jpg,0
0237_0018.jpg,0
0237_0019.jpg,0
0237_0024.jpg,0
0238_0002.jpg,0
0238_0003.jpg,0
0238_0004.jpg,0
0238_0005.jpg,0
0238_0007.jpg,0
0238_0012.jpg,0
0238_0013.jpg,0
0238_0015.jpg,0
0238_0016.jpg,0
0238_0017.jpg,0
0238_0018.jpg,0
0238_0019.jpg,0
0238_0024.jpg,0
0239_0002.jpg,0
0239_0003.jpg,0
0239_0004.jpg,0
0239_0005.jpg,0
0239_0007.jpg,0
0239_0012.jpg,0
0239_0013.jpg,0
0239_0015.jpg,0
0239_0016.jpg,0
0239_0017.jpg,0
0239_0018.jpg,0
0239_0019.jpg,0
0239_0024.jpg,0
0240_0002.jpg,0
0240_0003.jpg,0
0240_0004.jpg,0
0240_0005.jpg,0
0240_0007.jpg,0
0240_0012.jpg,0
0240_0013.jpg,0
0240_0015.jpg,0
0240_0016.jpg,0
0240_0017.jpg,0
0240_0018.jpg,0
0240_0019.jpg,0
0240_0024.jpg,0
0241_0002.jpg,0
0241_0003.jpg,0
0241_0004.jpg,0
0241_0005.jpg,0
0241_0007.jpg,0
0241_0012.jpg,0
0241_0013.jpg,0
0241_0015.jpg,0
0241_0016.jpg,0
0241_0017.jpg,0
0241_0018.jpg,0
0241_0019.jpg,0
0241_0024.jpg,0
0242_0002.jpg,0
0242_0003.jpg,0
0242_0004.jpg,0
0242_0005.jpg,0
0242_0007.jpg,0
0242_0012.jpg,0
0242_0013.jpg,0
0242_0015.jpg,0
0242_0016.jpg,0
0242_0017.jpg,0
0242_0018.jpg,0
0242_0019.jpg,0
0242_0024.jpg,0
0243_0002.jpg,0
0243_0003.jpg,0
0243_0004.jpg,0
0243_0005.jpg,0
0243_0007.jpg,0
0243_0012.jpg,0
0243_0013.jpg,0
0243_0015.jpg,0
0243_0016.jpg,0
0243_0017.jpg,0
0243_0018.jpg,0
0243_0019.jpg,0
0243_0024.jpg,0
0244_0002.jpg,0
0244_0003.jpg,0
0244_0004.jpg,0
0244_0005.jpg,0
0244_0007.jpg,0
0244_0012.jpg,0
0244_0013.jpg,0
0244_0015.jpg,0
0244_0016.jpg,0
0244_0017.jpg,0
0244_0018.jpg,0
0244_0019.jpg,0
0244_0024.jpg,0
0245_0002.jpg,0
0245_0003.jpg,0
0245_0004.jpg,0
0245_0005.jpg,0
0245_0007.jpg,0
0245_0012.jpg,0
0245_0013.jpg,0
0245_0015.jpg,0
0245_0016.jpg,0
0245_0017.jpg,0
0245_0018.jpg,0
0245_0019.jpg,0
0245_0024.jpg,0
0246_0002.jpg,0
0246_0003.jpg,0
0246_0004.jpg,0
0246_0005.jpg,0
0246_0007.jpg,0
0246_0012.jpg,0
0246_0013.jpg,0
0246_0015.jpg,0
0246_0016.jpg,0
0246_0017.jpg,0
0246_0018.jpg,0
0246_0019.jpg,0
0246_0024.jpg,0
0247_0002.jpg,0
0247_0003.jpg,0
0247_0004.jpg,0
0247_0005.jpg,0
0247_0007.jpg,0
0247_0012.jpg,0
0247_0013.jpg,0
0247_0015.jpg,0
0247_0016.jpg,0
0247_0017.jpg,0
0247_0018.jpg,0
0247_0019.jpg,0
0247_0024.jpg,0
0248_0002.jpg,0
0248_0003.jpg,0
0248_0004.jpg,0
0248_0005.jpg,0
0248_0007.jpg,0
0248_0012.jpg,0
0248_0013.jpg,0
0248_0015.jpg,0
0248_0016.jpg,0
0248_0017.jpg,0
0248_0018.jpg,0
0248_0019.jpg,0
0248_0024.jpg,0
0249_0002.jpg,0
0249_0003.jpg,0
0249_0004.jpg,0
0249_0005.jpg,0
0249_0007.jpg,0
0249_0012.jpg,0
0249_0013.jpg,0
0249_0015.jpg,0
0249_0016.jpg,0
0249_0017.jpg,0
0249_0018.jpg,0
0249_0019.jpg,0
0249_0024.jpg,0
0250_0002.jpg,0
0250_0003.jpg,0
0250_0004.jpg,0
0250_0005.jpg,0
0250_0007.jpg,0
0250_0012.jpg,0
0250_0013.jpg,0
0250_0015.jpg,0
0250_0016.jpg,0
0250_0017.jpg,0
0250_0018.jpg,0
0250_0019.jpg,0
0250_0024.jpg,0
0251_0002.jpg,0
0251_0003.jpg,0
0251_0004.jpg,0
0251_0005.jpg,0
0251_0007.jpg,0
0251_0012.jpg,0
0251_0013.jpg,0
0251_0015.jpg,0
0251_0016.jpg,0
0251_0017.jpg,0
0251_0018.jpg,0
0251_0019.jpg,0
0251_0024.jpg,0
0252_0002.jpg,0
0252_0003.jpg,0
0252_0004.jpg,0
0252_0005.jpg,0
0252_0007.jpg,0
0252_0012.jpg,0
0252_0013.jpg,0
0252_0015.jpg,0
0252_0016.jpg,0
0252_0017.jpg,0
0252_0018.jpg,0
0252_0019.jpg,0
0252_0024.jpg,0
0253_0002.jpg,0
0253_0003.jpg,0
0253_0004.jpg,0
0253_0005.jpg,0
0253_0007.jpg,0
0253_0012.jpg,0
0253_0013.jpg,0
0253_0015.jpg,0
0253_0016.jpg,0
0253_0017.jpg,0
0253_0018.jpg,0
0253_0019.jpg,0
0253_0024.jpg,0
0254_0002.jpg,0
0254_0003.jpg,0
0254_0004.jpg,0
0254_0005.jpg,0
0254_0007.jpg,0
0254_0012.jpg,0
0254_0013.jpg,0
0254_0015.jpg,0
0254_0016.jpg,0
0254_0017.jpg,0
0254_0018.jpg,0
0254_0019.jpg,0
0254_0024.jpg,0
0255_0002.jpg,0
0255_0003.jpg,0
0255_0004.jpg,0
0255_0005.jpg,0
0255_0007.jpg,0
0255_0012.jpg,0
0255_0013.jpg,0
0255_0015.jpg,0
0255_0016.jpg,0
0255_0017.jpg,0
0255_0018.jpg,0
0255_0019.jpg,0
0255_0024.jpg,0
0256_0002.jpg,0
0256_0003.jpg,0
0256_0004.jpg,0
0256_0005.jpg,0
0256_0007.jpg,0
0256_0012.jpg,0
0256_0013.jpg,0
0256_0015.jpg,0
0256_0016.jpg,0
0256_0017.jpg,0
0256_0018.jpg,0
0256_0019.jpg,0
0256_0024.jpg,0
0257_0002.jpg,0
0257_0003.jpg,0
0257_0004.jpg,0
0257_0005.jpg,0
0257_0007.jpg,0
0257_0012.jpg,0
0257_0013.jpg,0
0257_0015.jpg,0
0257_0016.jpg,0
0257_0017.jpg,0
0257_0018.jpg,0
0257_0019.jpg,0
0257_0024.jpg,0
0258_0002.jpg,0
0258_0003.jpg,0
0258_0004.jpg,0
0258_0005.jpg,0
0258_0007.jpg,0
0258_0012.jpg,0
0258_0013.jpg,0
0258_0015.jpg,0
0258_0016.jpg,0
0258_0017.jpg,0
0258_0018.jpg,0
0258_0019.jpg,0
0258_0024.jpg,0
0259_0002.jpg,0
0259_0003.jpg,0
0259_0004.jpg,0
0259_0005.jpg,0
0259_0007.jpg,0
0259_0012.jpg,0
0259_0013.jpg,0
0259_0015.jpg,0
0259_0016.jpg,0
0259_0017.jpg,0
0259_0018.jpg,0
0259_0019.jpg,0
0259_0024.jpg,0
0260_0002.jpg,0
0260_0003.jpg,0
0260_0004.jpg,0
0260_0005.jpg,0
0260_0007.jpg,0
0260_0012.jpg,0
0260_0013.jpg,0
0260_0015.jpg,0
0260_0016.jpg,0
0260_0017.jpg,0
0260_0018.jpg,0
0260_0019.jpg,0
0260_0024.jpg,0
0261_0002.jpg,0
0261_0003.jpg,0
0261_0004.jpg,0
0261_0005.jpg,0
0261_0007.jpg,0
0261_0012.jpg,0
0261_0013.jpg,0
0261_0015.jpg,0
0261_0016.jpg,0
0261_0017.jpg,0
0261_0018.jpg,0
0261_0019.jpg,0
0261_0024.jpg,0
0262_0002.jpg,0
0262_0003.jpg,0
0262_0004.jpg,0
0262_0005.jpg,0
0262_0007.jpg,0
0262_0012.jpg,0
0262_0013.jpg,0
0262_0015.jpg,0
0262_0016.jpg,0
0262_0017.jpg,0
0262_0018.jpg,0
0262_0019.jpg,0
0262_0024.jpg,0
0263_0002.jpg,0
0263_0003.jpg,0
0263_0004.jpg,0
0263_0005.jpg,0
0263_0007.jpg,0
0263_0012.jpg,0
0263_0013.jpg,0
0263_0015.jpg,0
0263_0016.jpg,0
0263_0017.jpg,0
0263_0018.jpg,0
0263_0019.jpg,0
0263_0024.jpg,0
0264_0002.jpg,0
0264_0003.jpg,0
0264_0004.jpg,0
0264_0005.jpg,0
0264_0007.jpg,0
0264_0012.jpg,0
0264_0013.jpg,0
0264_0015.jpg,0
0264_0016.jpg,0
0264_0017.jpg,0
0264_0018.jpg,0
0264_0019.jpg,0
0264_0024.jpg,0
0265_0002.jpg,0
0265_0003.jpg,0
0265_0004.jpg,0
0265_0005.jpg,0
0265_0007.jpg,0
0265_0012.jpg,0
0265_0013.jpg,0
0265_0015.jpg,0
0265_0016.jpg,0
0265_0017.jpg,0
0265_0018.jpg,0
0265_0019.jpg,0
0265_0024.jpg,0
0266_0002.jpg,0
0266_0003.jpg,0
0266_0004.jpg,0
0266_0005.jpg,0
0266_0007.jpg,0
0266_0012.jpg,0
0266_0013.jpg,0
0266_0015.jpg,0
0266_0016.jpg,0
0266_0017.jpg,0
0266_0018.jpg,0
0266_0019.jpg,0
0266_0024.jpg,0
0267_0002.jpg,0
0267_0003.jpg,0
0267_0004.jpg,0
0267_0005.jpg,0
0267_0007.jpg,0
0267_0012.jpg,0
0267_0013.jpg,0
0267_0015.jpg,0
0267_0016.jpg,0
0267_0017.jpg,0
0267_0018.jpg,0
0267_0019.jpg,0
0268_0002.jpg,0
0268_0003.jpg,0
0268_0004.jpg,0
0268_0005.jpg,0
0268_0007.jpg,0
0268_0012.jpg,0
0268_0013.jpg,0
0268_0015.jpg,0
0268_0016.jpg,0
0268_0017.jpg,0
0268_0018.jpg,0
0268_0019.jpg,0
0269_0002.jpg,0
0269_0003.jpg,0
0269_0004.jpg,0
0269_0005.jpg,0
0269_0007.jpg,0
0269_0012.jpg,0
0269_0013.jpg,0
0269_0015.jpg,0
0269_0016.jpg,0
0269_0017.jpg,0
0269_0018.jpg,0
0269_0019.jpg,0
0270_0002.jpg,0
0270_0003.jpg,0
0270_0004.jpg,0
0270_0005.jpg,0
0270_0007.jpg,0
0270_0012.jpg,0
0270_0013.jpg,0
0270_0015.jpg,0
0270_0016.jpg,0
0270_0017.jpg,0
0270_0018.jpg,0
0270_0019.jpg,0
0271_0002.jpg,0
0271_0003.jpg,0
0271_0004.jpg,0
0271_0005.jpg,0
0271_0007.jpg,0
0271_0012.jpg,0
0271_0013.jpg,0
0271_0015.jpg,0
0271_0016.jpg,0
0271_0017.jpg,0
0271_0018.jpg,0
0271_0019.jpg,0
0272_0002.jpg,0
0272_0003.jpg,0
0272_0004.jpg,0
0272_0005.jpg,0
0272_0007.jpg,0
0272_0012.jpg,0
0272_0013.jpg,0
0272_0015.jpg,0
0272_0016.jpg,0
0272_0017.jpg,0
0272_0018.jpg,0
0272_0019.jpg,0
0273_0002.jpg,0
0273_0003.jpg,0
0273_0004.jpg,0
0273_0005.jpg,0
0273_0007.jpg,0
0273_0012.jpg,0
0273_0013.jpg,0
0273_0015.jpg,0
0273_0016.jpg,0
0273_0017.jpg,0
0273_0018.jpg,0
0273_0019.jpg,0
0274_0003.jpg,0
0274_0004.jpg,0
0274_0005.jpg,0
0274_0007.jpg,0
0274_0012.jpg,0
0274_0013.jpg,0
0274_0015.jpg,0
0274_0016.jpg,0
0274_0017.jpg,0
0274_0018.jpg,0
0274_0019.jpg,0
0275_0003.jpg,0
0275_0004.jpg,0
0275_0005.jpg,0
0275_0007.jpg,0
0275_0012.jpg,0
0275_0013.jpg,0
0275_0015.jpg,0
0275_0016.jpg,0
0275_0017.jpg,0
0275_0018.jpg,0
0275_0019.jpg,0
0276_0003.jpg,0
0276_0004.jpg,0
0276_0005.jpg,0
0276_0007.jpg,0
0276_0012.jpg,0
0276_0013.jpg,0
0276_0015.jpg,0
0276_0016.jpg,0
0276_0017.jpg,0
0276_0018.jpg,0
0276_0019.jpg,0
0277_0003.jpg,0
0277_0004.jpg,0
0277_0005.jpg,0
0277_0007.jpg,0
0277_0012.jpg,0
0277_0013.jpg,0
0277_0015.jpg,0
0277_0016.jpg,0
0277_0017.jpg,0
0277_0018.jpg,0
0277_0019.jpg,0
0278_0003.jpg,0
0278_0004.jpg,0
0278_0005.jpg,0
0278_0007.jpg,0
0278_0012.jpg,0
0278_0013.jpg,0
0278_0015.jpg,0
0278_0016.jpg,0
0278_0017.jpg,0
0278_0018.jpg,0
0278_0019.jpg,0
0279_0003.jpg,0
0279_0004.jpg,0
0279_0005.jpg,0
0279_0007.jpg,0
0279_0012.jpg,0
0279_0013.jpg,0
0279_0015.jpg,0
0279_0016.jpg,0
0279_0017.jpg,0
0279_0018.jpg,0
0279_0019.jpg,0
0280_0003.jpg,0
0280_0004.jpg,0
0280_0005.jpg,0
0280_0007.jpg,0
0280_0012.jpg,0
0280_0013.jpg,0
0280_0015.jpg,0
0280_0016.jpg,0
0280_0017.jpg,0
0280_0018.jpg,0
0280_0019.jpg,0
0281_0003.jpg,0
0281_0004.jpg,0
0281_0005.jpg,0
0281_0007.jpg,0
0281_0012.jpg,0
0281_0013.jpg,0
0281_0015.jpg,0
0281_0016.jpg,0
0281_0017.jpg,0
0281_0018.jpg,0
0281_0019.jpg,0
0282_0003.jpg,0
0282_0004.jpg,0
0282_0005.jpg,0
0282_0007.jpg,0
0282_0012.jpg,0
0282_0013.jpg,0
0282_0015.jpg,0
0282_0016.jpg,0
0282_0017.jpg,0
0282_0018.jpg,0
0282_0019.jpg,0
0283_0003.jpg,0
0283_0004.jpg,0
0283_0005.jpg,0
0283_0007.jpg,0
0283_0012.jpg,0
0283_0013.jpg,0
0283_0015.jpg,0
0283_0016.jpg,0
0283_0017.jpg,0
0283_0018.jpg,0
0283_0019.jpg,0
0284_0003.jpg,0
0284_0004.jpg,0
0284_0005.jpg,0
0284_0007.jpg,0
0284_0012.jpg,0
0284_0013.jpg,0
0284_0015.jpg,0
0284_0016.jpg,0
0284_0017.jpg,0
0284_0018.jpg,0
0284_0019.jpg,0
0285_0003.jpg,0
0285_0004.jpg,0
0285_0005.jpg,0
0285_0007.jpg,0
0285_0012.jpg,0
0285_0013.jpg,0
0285_0015.jpg,0
0285_0016.jpg,0
0285_0017.jpg,0
0285_0018.jpg,0
0285_0019.jpg,0
0286_0003.jpg,0
0286_0004.jpg,0
0286_0005.jpg,0
0286_0007.jpg,0
0286_0012.jpg,0
0286_0013.jpg,0
0286_0015.jpg,0
0286_0016.jpg,0
0286_0017.jpg,0
0286_0018.jpg,0
0286_0019.jpg,0
0287_0003.jpg,0
0287_0004.jpg,0
0287_0005.jpg,0
0287_0007.jpg,0
0287_0012.jpg,0
0287_0013.jpg,0
0287_0015.jpg,0
0287_0016.jpg,0
0287_0017.jpg,0
0287_0018.jpg,0
0287_0019.jpg,0
0288_0003.jpg,0
0288_0004.jpg,0
0288_0005.jpg,0
0288_0007.jpg,0
0288_0012.jpg,0
0288_0013.jpg,0
0288_0015.jpg,0
0288_0016.jpg,0
0288_0017.jpg,0
0288_0018.jpg,0
0288_0019.jpg,0
0289_0003.jpg,0
0289_0004.jpg,0
0289_0005.jpg,0
0289_0007.jpg,0
0289_0012.jpg,0
0289_0013.jpg,0
0289_0015.jpg,0
0289_0016.jpg,0
0289_0017.jpg,0
0289_0018.jpg,0
0289_0019.jpg,0
0290_0003.jpg,0
0290_0004.jpg,0
0290_0005.jpg,0
0290_0007.jpg,0
0290_0012.jpg,0
0290_0013.jpg,0
0290_0015.jpg,0
0290_0016.jpg,0
0290_0017.jpg,0
0290_0018.jpg,0
0290_0019.jpg,0
0291_0003.jpg,0
0291_0004.jpg,0
0291_0005.jpg,0
0291_0007.jpg,0
0291_0012.jpg,0
0291_0013.jpg,0
0291_0015.jpg,0
0291_0016.jpg,0
0291_0017.jpg,0
0291_0018.jpg,0
0291_0019.jpg,0
0292_0003.jpg,0
0292_0004.jpg,0
0292_0005.jpg,0
0292_0007.jpg,0
0292_0012.jpg,0
0292_0013.jpg,0
0292_0015.jpg,0
0292_0016.jpg,0
0292_0017.jpg,0
0292_0018.jpg,0
0292_0019.jpg,0
0293_0003.jpg,0
0293_0004.jpg,0
0293_0005.jpg,0
0293_0007.jpg,0
0293_0012.jpg,0
0293_0013.jpg,0
0293_0015.jpg,0
0293_0016.jpg,0
0293_0017.jpg,0
0293_0018.jpg,0
0293_0019.jpg,0
0294_0003.jpg,0
0294_0004.jpg,0
0294_0005.jpg,0
0294_0007.jpg,0
0294_0012.jpg,0
0294_0013.jpg,0
0294_0015.jpg,0
0294_0016.jpg,0
0294_0017.jpg,0
0294_0018.jpg,0
0294_0019.jpg,0
0295_0003.jpg,0
0295_0004.jpg,0
0295_0005.jpg,0
0295_0007.jpg,0
0295_0012.jpg,0
0295_0013.jpg,0
0295_0015.jpg,0
0295_0016.jpg,0
0295_0017.jpg,0
0295_0018.jpg,0
0295_0019.jpg,0
0296_0003.jpg,0
0296_0004.jpg,0
0296_0005.jpg,0
0296_0007.jpg,0
0296_0012.jpg,0
0296_0013.jpg,0
0296_0015.jpg,0
0296_0016.jpg,0
0296_0017.jpg,0
0296_0018.jpg,0
0296_0019.jpg,0
0297_0003.jpg,0
0297_0004.jpg,0
0297_0005.jpg,0
0297_0007.jpg,0
0297_0012.jpg,0
0297_0013.jpg,0
0297_0015.jpg,0
0297_0016.jpg,0
0297_0017.jpg,0
0297_0018.jpg,0
0297_0019.jpg,0
0298_0003.jpg,0
0298_0004.jpg,0
0298_0005.jpg,0
0298_0007.jpg,0
0298_0012.jpg,0
0298_0013.jpg,0
0298_0015.jpg,0
0298_0016.jpg,0
0298_0017.jpg,0
0298_0018.jpg,0
0298_0019.jpg,0
0299_0003.jpg,0
0299_0004.jpg,0
0299_0005.jpg,0
0299_0007.jpg,0
0299_0012.jpg,0
0299_0013.jpg,0
0299_0015.jpg,0
0299_0016.jpg,0
0299_0017.jpg,0
0299_0018.jpg,0
0299_0019.jpg,0
0300_0003.jpg,0
0300_0004.jpg,0
0300_0005.jpg,0
0300_0007.jpg,0
0300_0012.jpg,0
0300_0013.jpg,0
0300_0015.jpg,0
0300_0016.jpg,0
0300_0017.jpg,0
0300_0018.jpg,0
0300_0019.jpg,0
0301_0003.jpg,0
0301_0004.jpg,0
0301_0005.jpg,0
0301_0007.jpg,0
0301_0012.jpg,0
0301_0013.jpg,0
0301_0015.jpg,0
0301_0016.jpg,0
0301_0017.jpg,0
0301_0018.jpg,0
0301_0019.jpg,0
0302_0003.jpg,0
0302_0004.jpg,0
0302_0005.jpg,0
0302_0007.jpg,0
0302_0012.jpg,0
0302_0013.jpg,0
0302_0015.jpg,0
0302_0016.jpg,0
0302_0017.jpg,0
0302_0018.jpg,0
0302_0019.jpg,0
0303_0003.jpg,0
0303_0004.jpg,0
0303_0005.jpg,0
0303_0007.jpg,0
0303_0012.jpg,0
0303_0013.jpg,0
0303_0015.jpg,0
0303_0016.jpg,0
0303_0017.jpg,0
0303_0018.jpg,0
0303_0019.jpg,0
0304_0003.jpg,0
0304_0004.jpg,0
0304_0005.jpg,0
0304_0007.jpg,0
0304_0012.jpg,0
0304_0013.jpg,0
0304_0015.jpg,0
0304_0016.jpg,0
0304_0017.jpg,0
0304_0018.jpg,0
0304_0019.jpg,0
0305_0003.jpg,0
0305_0004.jpg,0
0305_0005.jpg,0
0305_0007.jpg,0
0305_0012.jpg,0
0305_0013.jpg,0
0305_0015.jpg,0
0305_0016.jpg,0
0305_0017.jpg,0
0305_0018.jpg,0
0305_0019.jpg,0
0306_0003.jpg,0
0306_0004.jpg,0
0306_0005.jpg,0
0306_0007.jpg,0
0306_0012.jpg,0
0306_0013.jpg,0
0306_0015.jpg,0
0306_0016.jpg,0
0306_0017.jpg,0
0306_0018.jpg,0
0306_0019.jpg,0
0307_0003.jpg,0
0307_0004.jpg,0
0307_0005.jpg,0
0307_0007.jpg,0
0307_0012.jpg,0
0307_0013.jpg,0
0307_0015.jpg,0
0307_0016.jpg,0
0307_0017.jpg,0
0307_0018.jpg,0
0307_0019.jpg,0
0308_0003.jpg,0
0308_0004.jpg,0
0308_0005.jpg,0
0308_0007.jpg,0
0308_0012.jpg,0
0308_0013.jpg,0
0308_0015.jpg,0
0308_0016.jpg,0
0308_0017.jpg,0
0308_0018.jpg,0
0308_0019.jpg,0
0309_0003.jpg,0
0309_0004.jpg,0
0309_0005.jpg,0
0309_0007.jpg,0
0309_0012.jpg,0
0309_0013.jpg,0
0309_0015.jpg,0
0309_0016.jpg,0
0309_0017.jpg,0
0309_0018.jpg,0
0309_0019.jpg,0
0310_0003.jpg,0
0310_0004.jpg,0
0310_0005.jpg,0
0310_0007.jpg,0
0310_0012.jpg,0
0310_0013.jpg,0
0310_0015.jpg,0
0310_0016.jpg,0
0310_0017.jpg,0
0310_0018.jpg,0
0310_0019.jpg,0
0311_0003.jpg,0
0311_0004.jpg,0
0311_0005.jpg,0
0311_0007.jpg,0
0311_0012.jpg,0
0311_0013.jpg,0
0311_0015.jpg,0
0311_0016.jpg,0
0311_0017.jpg,0
0311_0018.jpg,0
0311_0019.jpg,0
0312_0003.jpg,0
0312_0004.jpg,0
0312_0005.jpg,0
0312_0007.jpg,0
0312_0012.jpg,0
0312_0013.jpg,0
0312_0015.jpg,0
0312_0016.jpg,0
0312_0017.jpg,0
0312_0018.jpg,0
0312_0019.jpg,0
0313_0003.jpg,0
0313_0004.jpg,0
0313_0005.jpg,0
0313_0007.jpg,0
0313_0012.jpg,0
0313_0013.jpg,0
0313_0015.jpg,0
0313_0016.jpg,0
0313_0017.jpg,0
0313_0018.jpg,0
0313_0019.jpg,0
0314_0003.jpg,0
0314_0004.jpg,0
0314_0005.jpg,0
0314_0007.jpg,0
0314_0012.jpg,0
0314_0013.jpg,0
0314_0015.jpg,0
0314_0016.jpg,0
0314_0017.jpg,0
0314_0018.jpg,0
0314_0019.jpg,0
0315_0003.jpg,0
0315_0004.jpg,0
0315_0005.jpg,0
0315_0007.jpg,0
0315_0012.jpg,0
0315_0013.jpg,0
0315_0015.jpg,0
0315_0016.jpg,0
0315_0017.jpg,0
0315_0018.jpg,0
0315_0019.jpg,0
0316_0003.jpg,0
0316_0004.jpg,0
0316_0005.jpg,0
0316_0007.jpg,0
0316_0012.jpg,0
0316_0013.jpg,0
0316_0015.jpg,0
0316_0016.jpg,0
0316_0017.jpg,0
0316_0018.jpg,0
0316_0019.jpg,0
0317_0003.jpg,0
0317_0004.jpg,0
0317_0005.jpg,0
0317_0007.jpg,0
0317_0012.jpg,0
0317_0013.jpg,0
0317_0015.jpg,0
0317_0016.jpg,0
0317_0017.jpg,0
0317_0018.jpg,0
0317_0019.jpg,0
0318_0003.jpg,0
0318_0004.jpg,0
0318_0005.jpg,0
0318_0007.jpg,0
0318_0012.jpg,0
0318_0013.jpg,0
0318_0015.jpg,0
0318_0016.jpg,0
0318_0017.jpg,0
0318_0018.jpg,0
0318_0019.jpg,0
0319_0003.jpg,0
0319_0004.jpg,0
0319_0005.jpg,0
0319_0007.jpg,0
0319_0012.jpg,0
0319_0013.jpg,0
0319_0015.jpg,0
0319_0016.jpg,0
0319_0017.jpg,0
0319_0018.jpg,0
0319_0019.jpg,0
0320_0003.jpg,0
0320_0004.jpg,0
0320_0005.jpg,0
0320_0007.jpg,0
0320_0012.jpg,0
0320_0013.jpg,0
0320_0015.jpg,0
0320_0016.jpg,0
0320_0017.jpg,0
0320_0018.jpg,0
0320_0019.jpg,0
0321_0003.jpg,0
0321_0004.jpg,0
0321_0005.jpg,0
0321_0007.jpg,0
0321_0012.jpg,0
0321_0013.jpg,0
0321_0015.jpg,0
0321_0016.jpg,0
0321_0017.jpg,0
0321_0018.jpg,0
0321_0019.jpg,0
0322_0003.jpg,0
0322_0004.jpg,0
0322_0005.jpg,0
0322_0007.jpg,0
0322_0012.jpg,0
0322_0013.jpg,0
0322_0015.jpg,0
0322_0016.jpg,0
0322_0017.jpg,0
0322_0018.jpg,0
0322_0019.jpg,0
0323_0003.jpg,0
0323_0004.jpg,0
0323_0005.jpg,0
0323_0007.jpg,0
0323_0012.jpg,0
0323_0013.jpg,0
0323_0015.jpg,0
0323_0016.jpg,0
0323_0017.jpg,0
0323_0018.jpg,0
0323_0019.jpg,0
0324_0003.jpg,0
0324_0004.jpg,0
0324_0005.jpg,0
0324_0007.jpg,0
0324_0012.jpg,0
0324_0013.jpg,0
0324_0015.jpg,0
0324_0016.jpg,0
0324_0017.jpg,0
0324_0018.jpg,0
0324_0019.jpg,0
0325_0003.jpg,0
0325_0004.jpg,0
0325_0005.jpg,0
0325_0007.jpg,0
0325_0012.jpg,0
0325_0013.jpg,0
0325_0015.jpg,0
0325_0016.jpg,0
0325_0017.jpg,0
0325_0018.jpg,0
0325_0019.jpg,0
0326_0003.jpg,0
0326_0004.jpg,0
0326_0005.jpg,0
0326_0007.jpg,0
0326_0012.jpg,0
0326_0013.jpg,0
0326_0015.jpg,0
0326_0016.jpg,0
0326_0017.jpg,0
0326_0018.jpg,0
0326_0019.jpg,0
0327_0003.jpg,0
0327_0004.jpg,0
0327_0005.jpg,0
0327_0007.jpg,0
0327_0012.jpg,0
0327_0013.jpg,0
0327_0015.jpg,0
0327_0016.jpg,0
0327_0017.jpg,0
0327_0018.jpg,0
0327_0019.jpg,0
0328_0003.jpg,0
0328_0004.jpg,0
0328_0005.jpg,0
0328_0007.jpg,0
0328_0012.jpg,0
0328_0013.jpg,0
0328_0015.jpg,0
0328_0016.jpg,0
0328_0017.jpg,0
0328_0018.jpg,0
0328_0019.jpg,0
0329_0003.jpg,0
0329_0004.jpg,0
0329_0005.jpg,0
0329_0007.jpg,0
0329_0012.jpg,0
0329_0013.jpg,0
0329_0015.jpg,0
0329_0016.jpg,0
0329_0017.jpg,0
0329_0018.jpg,0
0329_0019.jpg,0
0330_0003.jpg,0
0330_0004.jpg,0
0330_0005.jpg,0
0330_0007.jpg,0
0330_0012.jpg,0
0330_0013.jpg,0
0330_0015.jpg,0
0330_0016.jpg,0
0330_0017.jpg,0
0330_0018.jpg,0
0330_0019.jpg,0
0331_0003.jpg,0
0331_0004.jpg,0
0331_0005.jpg,0
0331_0007.jpg,0
0331_0012.jpg,0
0331_0013.jpg,0
0331_0015.jpg,0
0331_0016.jpg,0
0331_0017.jpg,0
0331_0018.jpg,0
0331_0019.jpg,0
0332_0003.jpg,0
0332_0004.jpg,0
0332_0005.jpg,0
0332_0007.jpg,0
0332_0012.jpg,0
0332_0013.jpg,0
0332_0015.jpg,0
0332_0016.jpg,0
0332_0017.jpg,0
0332_0018.jpg,0
0332_0019.jpg,0
0333_0003.jpg,0
0333_0004.jpg,0
0333_0005.jpg,0
0333_0007.jpg,0
0333_0012.jpg,0
0333_0013.jpg,0
0333_0015.jpg,0
0333_0016.jpg,0
0333_0017.jpg,0
0333_0018.jpg,0
0333_0019.jpg,0
0334_0003.jpg,0
0334_0004.jpg,0
0334_0005.jpg,0
0334_0007.jpg,0
0334_0012.jpg,0
0334_0013.jpg,0
0334_0015.jpg,0
0334_0016.jpg,0
0334_0017.jpg,0
0334_0018.jpg,0
0334_0019.jpg,0
0335_0003.jpg,0
0335_0004.jpg,0
0335_0005.jpg,0
0335_0007.jpg,0
0335_0012.jpg,0
0335_0013.jpg,0
0335_0015.jpg,0
0335_0016.jpg,0
0335_0017.jpg,0
0335_0018.jpg,0
0335_0019.jpg,0
0336_0003.jpg,0
0336_0004.jpg,0
0336_0005.jpg,0
0336_0007.jpg,0
0336_0012.jpg,0
0336_0013.jpg,0
0336_0015.jpg,0
0336_0016.jpg,0
0336_0017.jpg,0
0336_0018.jpg,0
0336_0019.jpg,0
0337_0003.jpg,0
0337_0004.jpg,0
0337_0005.jpg,0
0337_0007.jpg,0
0337_0012.jpg,0
0337_0013.jpg,0
0337_0015.jpg,0
0337_0016.jpg,0
0337_0017.jpg,0
0337_0018.jpg,0
0337_0019.jpg,0
0338_0003.jpg,0
0338_0004.jpg,0
0338_0005.jpg,0
0338_0007.jpg,0
0338_0012.jpg,0
0338_0013.jpg,0
0338_0015.jpg,0
0338_0016.jpg,0
0338_0017.jpg,0
0338_0018.jpg,0
0338_0019.jpg,0
0339_0003.jpg,0
0339_0004.jpg,0
0339_0005.jpg,0
0339_0007.jpg,0
0339_0012.jpg,0
0339_0013.jpg,0
0339_0015.jpg,0
0339_0016.jpg,0
0339_0017.jpg,0
0339_0018.jpg,0
0339_0019.jpg,0
0340_0003.jpg,0
0340_0004.jpg,0
0340_0005.jpg,0
0340_0007.jpg,0
0340_0012.jpg,0
0340_0013.jpg,0
0340_0015.jpg,0
0340_0016.jpg,0
0340_0017.jpg,0
0340_0018.jpg,0
0340_0019.jpg,0
0341_0003.jpg,0
0341_0004.jpg,0
0341_0005.jpg,0
0341_0007.jpg,0
0341_0012.jpg,0
0341_0013.jpg,0
0341_0015.jpg,0
0341_0016.jpg,0
0341_0017.jpg,0
0341_0018.jpg,0
0341_0019.jpg,0
0342_0003.jpg,0
0342_0004.jpg,0
0342_0005.jpg,0
0342_0007.jpg,0
0342_0012.jpg,0
0342_0013.jpg,0
0342_0015.jpg,0
0342_0016.jpg,0
0342_0017.jpg,0
0342_0018.jpg,0
0342_0019.jpg,0
0343_0003.jpg,0
0343_0004.jpg,0
0343_0005.jpg,0
0343_0007.jpg,0
0343_0012.jpg,0
0343_0013.jpg,0
0343_0015.jpg,0
0343_0016.jpg,0
0343_0017.jpg,0
0343_0018.jpg,0
0343_0019.jpg,0
0344_0003.jpg,0
0344_0004.jpg,0
0344_0005.jpg,0
0344_0007.jpg,0
0344_0012.jpg,0
0344_0013.jpg,0
0344_0015.jpg,0
0344_0016.jpg,0
0344_0017.jpg,0
0344_0018.jpg,0
0344_0019.jpg,0
0345_0003.jpg,0
0345_0004.jpg,0
0345_0005.jpg,0
0345_0007.jpg,0
0345_0012.jpg,0
0345_0013.jpg,0
0345_0015.jpg,0
0345_0016.jpg,0
0345_0017.jpg,0
0345_0018.jpg,0
0345_0019.jpg,0
0346_0003.jpg,0
0346_0004.jpg,0
0346_0005.jpg,0
0346_0007.jpg,0
0346_0012.jpg,0
0346_0013.jpg,0
0346_0015.jpg,0
0346_0016.jpg,0
0346_0017.jpg,0
0346_0018.jpg,0
0346_0019.jpg,0
0347_0003.jpg,0
0347_0004.jpg,0
0347_0005.jpg,0
0347_0007.jpg,0
0347_0012.jpg,0
0347_0013.jpg,0
0347_0015.jpg,0
0347_0016.jpg,0
0347_0017.jpg,0
0347_0018.jpg,0
0347_0019.jpg,0
0348_0003.jpg,0
0348_0004.jpg,0
0348_0005.jpg,0
0348_0007.jpg,0
0348_0012.jpg,0
0348_0013.jpg,0
0348_0015.jpg,0
0348_0016.jpg,0
0348_0017.jpg,0
0348_0018.jpg,0
0348_0019.jpg,0
0349_0003.jpg,0
0349_0004.jpg,0
0349_0005.jpg,0
0349_0007.jpg,0
0349_0012.jpg,0
0349_0013.jpg,0
0349_0015.jpg,0
0349_0016.jpg,0
0349_0017.jpg,0
0349_0018.jpg,0
0349_0019.jpg,0
0350_0003.jpg,0
0350_0004.jpg,0
0350_0005.jpg,0
0350_0007.jpg,0
0350_0012.jpg,0
0350_0013.jpg,0
0350_0015.jpg,0
0350_0016.jpg,0
0350_0017.jpg,0
0350_0018.jpg,0
0350_0019.jpg,0
0351_0003.jpg,0
0351_0004.jpg,0
0351_0005.jpg,0
0351_0007.jpg,0
0351_0012.jpg,0
0351_0013.jpg,0
0351_0015.jpg,0
0351_0016.jpg,0
0351_0017.jpg,0
0351_0018.jpg,0
0351_0019.jpg,0
0352_0003.jpg,0
0352_0004.jpg,0
0352_0005.jpg,0
0352_0007.jpg,0
0352_0012.jpg,0
0352_0013.jpg,0
0352_0015.jpg,0
0352_0016.jpg,0
0352_0017.jpg,0
0352_0018.jpg,0
0352_0019.jpg,0
0353_0003.jpg,0
0353_0004.jpg,0
0353_0005.jpg,0
0353_0007.jpg,0
0353_0012.jpg,0
0353_0013.jpg,0
0353_0015.jpg,0
0353_0016.jpg,0
0353_0017.jpg,0
0353_0018.jpg,0
0353_0019.jpg,0
0354_0003.jpg,0
0354_0004.jpg,0
0354_0005.jpg,0
0354_0007.jpg,0
0354_0012.jpg,0
0354_0013.jpg,0
0354_0015.jpg,0
0354_0016.jpg,0
0354_0017.jpg,0
0354_0018.jpg,0
0354_0019.jpg,0
0355_0003.jpg,0
0355_0004.jpg,0
0355_0005.jpg,0
0355_0007.jpg,0
0355_0012.jpg,0
0355_0013.jpg,0
0355_0015.jpg,0
0355_0016.jpg,0
0355_0017.jpg,0
0355_0018.jpg,0
0355_0019.jpg,0
0356_0003.jpg,0
0356_0004.jpg,0
0356_0005.jpg,0
0356_0007.jpg,0
0356_0012.jpg,0
0356_0013.jpg,0
0356_0015.jpg,0
0356_0016.jpg,0
0356_0017.jpg,0
0356_0018.jpg,0
0356_0019.jpg,0
0357_0003.jpg,0
0357_0004.jpg,0
0357_0005.jpg,0
0357_0007.jpg,0
0357_0012.jpg,0
0357_0013.jpg,0
0357_0015.jpg,0
0357_0016.jpg,0
0357_0017.jpg,0
0357_0018.jpg,0
0357_0019.jpg,0
0358_0003.jpg,0
0358_0004.jpg,0
0358_0005.jpg,0
0358_0007.jpg,0
0358_0012.jpg,0
0358_0013.jpg,0
0358_0015.jpg,0
0358_0016.jpg,0
0358_0017.jpg,0
0358_0018.jpg,0
0358_0019.jpg,0
0359_0003.jpg,0
0359_0004.jpg,0
0359_0005.jpg,0
0359_0007.jpg,0
0359_0012.jpg,0
0359_0013.jpg,0
0359_0015.jpg,0
0359_0016.jpg,0
0359_0017.jpg,0
0359_0018.jpg,0
0359_0019.jpg,0
0360_0003.jpg,0
0360_0004.jpg,0
0360_0005.jpg,0
0360_0007.jpg,0
0360_0012.jpg,0
0360_0013.jpg,0
0360_0015.jpg,0
0360_0016.jpg,0
0360_0017.jpg,0
0360_0018.jpg,0
0360_0019.jpg,0
0361_0003.jpg,0
0361_0004.jpg,0
0361_0005.jpg,0
0361_0007.jpg,0
0361_0012.jpg,0
0361_0013.jpg,0
0361_0015.jpg,0
0361_0016.jpg,0
0361_0017.jpg,0
0361_0018.jpg,0
0361_0019.jpg,0
0362_0003.jpg,0
0362_0004.jpg,0
0362_0005.jpg,0
0362_0007.jpg,0
0362_0012.jpg,0
0362_0013.jpg,0
0362_0015.jpg,0
0362_0016.jpg,0
0362_0017.jpg,0
0362_0018.jpg,0
0362_0019.jpg,0
0363_0003.jpg,0
0363_0004.jpg,0
0363_0005.jpg,0
0363_0007.jpg,0
0363_0012.jpg,0
0363_0013.jpg,0
0363_0015.jpg,0
0363_0016.jpg,0
0363_0017.jpg,0
0363_0018.jpg,0
0363_0019.jpg,0
0364_0003.jpg,0
0364_0004.jpg,0
0364_0005.jpg,0
0364_0007.jpg,0
0364_0012.jpg,0
0364_0013.jpg,0
0364_0015.jpg,0
0364_0016.jpg,0
0364_0017.jpg,0
0364_0018.jpg,0
0364_0019.jpg,0
0365_0003.jpg,0
0365_0004.jpg,0
0365_0005.jpg,0
0365_0007.jpg,0
0365_0011.jpg,0
0365_0012.jpg,0
0365_0013.jpg,0
0365_0015.jpg,0
0365_0016.jpg,0
0365_0017.jpg,0
0365_0018.jpg,0
0365_0019.jpg,0
0366_0003.jpg,0
0366_0004.jpg,0
0366_0005.jpg,0
0366_0007.jpg,0
0366_0011.jpg,0
0366_0012.jpg,0
0366_0013.jpg,0
0366_0015.jpg,0
0366_0016.jpg,0
0366_0017.jpg,0
0366_0018.jpg,0
0366_0019.jpg,0
0367_0003.jpg,0
0367_0004.jpg,0
0367_0005.jpg,0
0367_0007.jpg,0
0367_0011.jpg,0
0367_0012.jpg,0
0367_0013.jpg,0
0367_0015.jpg,0
0367_0016.jpg,0
0367_0017.jpg,0
0367_0018.jpg,0
0367_0019.jpg,0
0368_0003.jpg,0
0368_0004.jpg,0
0368_0005.jpg,0
0368_0007.jpg,0
0368_0011.jpg,0
0368_0012.jpg,0
0368_0013.jpg,0
0368_0015.jpg,0
0368_0016.jpg,0
0368_0017.jpg,0
0368_0018.jpg,0
0368_0019.jpg,0
0369_0003.jpg,0
0369_0004.jpg,0
0369_0005.jpg,0
0369_0007.jpg,0
0369_0011.jpg,0
0369_0012.jpg,0
0369_0013.jpg,0
0369_0015.jpg,0
0369_0016.jpg,0
0369_0017.jpg,0
0369_0018.jpg,0
0369_0019.jpg,0
0370_0003.jpg,0
0370_0004.jpg,0
0370_0005.jpg,0
0370_0007.jpg,0
0370_0011.jpg,0
0370_0012.jpg,0
0370_0013.jpg,0
0370_0015.jpg,0
0370_0016.jpg,0
0370_0017.jpg,0
0370_0018.jpg,0
0370_0019.jpg,0
0371_0003.jpg,0
0371_0004.jpg,0
0371_0005.jpg,0
0371_0007.jpg,0
0371_0011.jpg,0
0371_0012.jpg,0
0371_0013.jpg,0
0371_0015.jpg,0
0371_0016.jpg,0
0371_0017.jpg,0
0371_0018.jpg,0
0371_0019.jpg,0
0372_0003.jpg,0
0372_0004.jpg,0
0372_0005.jpg,0
0372_0007.jpg,0
0372_0011.jpg,0
0372_0012.jpg,0
0372_0013.jpg,0
0372_0015.jpg,0
0372_0016.jpg,0
0372_0017.jpg,0
0372_0018.jpg,0
0372_0019.jpg,0
0373_0003.jpg,0
0373_0004.jpg,0
0373_0005.jpg,0
0373_0007.jpg,0
0373_0011.jpg,0
0373_0012.jpg,0
0373_0013.jpg,0
0373_0015.jpg,0
0373_0016.jpg,0
0373_0017.jpg,0
0373_0018.jpg,0
0373_0019.jpg,0
0374_0003.jpg,0
0374_0004.jpg,0
0374_0005.jpg,0
0374_0007.jpg,0
0374_0011.jpg,0
0374_0012.jpg,0
0374_0013.jpg,0
0374_0015.jpg,0
0374_0016.jpg,0
0374_0017.jpg,0
0374_0018.jpg,0
0374_0019.jpg,0
0375_0003.jpg,0
0375_0004.jpg,0
0375_0005.jpg,0
0375_0007.jpg,0
0375_0011.jpg,0
0375_0012.jpg,0
0375_0013.jpg,0
0375_0015.jpg,0
0375_0016.jpg,0
0375_0017.jpg,0
0375_0018.jpg,0
0375_0019.jpg,0
0376_0003.jpg,0
0376_0004.jpg,0
0376_0005.jpg,0
0376_0007.jpg,0
0376_0011.jpg,0
0376_0012.jpg,0
0376_0013.jpg,0
0376_0015.jpg,0
0376_0016.jpg,0
0376_0017.jpg,0
0376_0018.jpg,0
0376_0019.jpg,0
0377_0003.jpg,0
0377_0004.jpg,0
0377_0007.jpg,0
0377_0011.jpg,0
0377_0012.jpg,0
0377_0013.jpg,0
0377_0015.jpg,0
0377_0016.jpg,0
0377_0017.jpg,0
0377_0018.jpg,0
0377_0019.jpg,0
0378_0003.jpg,0
0378_0004.jpg,0
0378_0007.jpg,0
0378_0011.jpg,0
0378_0012.jpg,0
0378_0013.jpg,0
0378_0015.jpg,0
0378_0016.jpg,0
0378_0017.jpg,0
0378_0018.jpg,0
0378_0019.jpg,0
0379_0003.jpg,0
0379_0004.jpg,0
0379_0007.jpg,0
0379_0011.jpg,0
0379_0012.jpg,0
0379_0013.jpg,0
0379_0015.jpg,0
0379_0016.jpg,0
0379_0017.jpg,0
0379_0018.jpg,0
0379_0019.jpg,0
0380_0003.jpg,0
0380_0004.jpg,0
0380_0007.jpg,0
0380_0011.jpg,0
0380_0012.jpg,0
0380_0013.jpg,0
0380_0015.jpg,0
0380_0016.jpg,0
0380_0017.jpg,0
0380_0018.jpg,0
0380_0019.jpg,0
0381_0003.jpg,0
0381_0004.jpg,0
0381_0007.jpg,0
0381_0011.jpg,0
0381_0012.jpg,0
0381_0013.jpg,0
0381_0015.jpg,0
0381_0016.jpg,0
0381_0017.jpg,0
0381_0018.jpg,0
0381_0019.jpg,0
0382_0004.jpg,0
0382_0007.jpg,0
0382_0011.jpg,0
0382_0012.jpg,0
0382_0013.jpg,0
0382_0015.jpg,0
0382_0016.jpg,0
0382_0017.jpg,0
0382_0018.jpg,0
0382_0019.jpg,0
0383_0004.jpg,0
0383_0007.jpg,0
0383_0011.jpg,0
0383_0012.jpg,0
0383_0013.jpg,0
0383_0015.jpg,0
0383_0016.jpg,0
0383_0017.jpg,0
0383_0018.jpg,0
0383_0019.jpg,0
0384_0004.jpg,0
0384_0007.jpg,0
0384_0011.jpg,0
0384_0012.jpg,0
0384_0013.jpg,0
0384_0015.jpg,0
0384_0016.jpg,0
0384_0017.jpg,0
0384_0018.jpg,0
0384_0019.jpg,0
0385_0004.jpg,0
0385_0007.jpg,0
0385_0011.jpg,0
0385_0012.jpg,0
0385_0013.jpg,0
0385_0015.jpg,0
0385_0016.jpg,0
0385_0017.jpg,0
0385_0018.jpg,0
0385_0019.jpg,0
0386_0004.jpg,0
0386_0007.jpg,0
0386_0011.jpg,0
0386_0012.jpg,0
0386_0013.jpg,0
0386_0015.jpg,0
0386_0016.jpg,0
0386_0017.jpg,0
0386_0018.jpg,0
0386_0019.jpg,0
0387_0004.jpg,0
0387_0007.jpg,0
0387_0011.jpg,0
0387_0012.jpg,0
0387_0013.jpg,0
0387_0015.jpg,0
0387_0016.jpg,0
0387_0017.jpg,0
0387_0018.jpg,0
0387_0019.jpg,0
0388_0004.jpg,0
0388_0007.jpg,0
0388_0011.jpg,0
0388_0012.jpg,0
0388_0013.jpg,0
0388_0015.jpg,0
0388_0016.jpg,0
0388_0017.jpg,0
0388_0018.jpg,0
0388_0019.jpg,0
0389_0004.jpg,0
0389_0007.jpg,0
0389_0008.jpg,0
0389_0011.jpg,0
0389_0012.jpg,0
0389_0013.jpg,0
0389_0015.jpg,0
0389_0016.jpg,0
0389_0017.jpg,0
0389_0018.jpg,0
0389_0019.jpg,0
0390_0004.jpg,0
0390_0007.jpg,0
0390_0008.jpg,0
0390_0011.jpg,0
0390_0012.jpg,0
0390_0015.jpg,0
0390_0016.jpg,0
0390_0017.jpg,0
0390_0018.jpg,0
0390_0019.jpg,0
0391_0004.jpg,0
0391_0007.jpg,0
0391_0008.jpg,0
0391_0011.jpg,0
0391_0012.jpg,0
0391_0015.jpg,0
0391_0016.jpg,0
0391_0017.jpg,0
0391_0018.jpg,0
0391_0019.jpg,0
0392_0004.jpg,0
0392_0007.jpg,0
0392_0008.jpg,0
0392_0011.jpg,0
0392_0012.jpg,0
0392_0015.jpg,0
0392_0016.jpg,0
0392_0017.jpg,0
0392_0018.jpg,0
0392_0019.jpg,0
0393_0004.jpg,0
0393_0007.jpg,0
0393_0008.jpg,0
0393_0011.jpg,0
0393_0012.jpg,0
0393_0015.jpg,0
0393_0016.jpg,0
0393_0017.jpg,0
0393_0018.jpg,0
0393_0019.jpg,0
0394_0004.jpg,0
0394_0007.jpg,0
0394_0008.jpg,0
0394_0011.jpg,0
0394_0012.jpg,0
0394_0015.jpg,0
0394_0016.jpg,0
0394_0017.jpg,0
0394_0018.jpg,0
0394_0019.jpg,0
0395_0004.jpg,0
0395_0007.jpg,0
0395_0008.jpg,0
0395_0011.jpg,0
0395_0012.jpg,0
0395_0015.jpg,0
0395_0016.jpg,0
0395_0017.jpg,0
0395_0018.jpg,0
0395_0019.jpg,0
0396_0004.jpg,0
0396_0007.jpg,0
0396_0008.jpg,0
0396_0011.jpg,0
0396_0012.jpg,0
0396_0015.jpg,0
0396_0016.jpg,0
0396_0017.jpg,0
0396_0018.jpg,0
0396_0019.jpg,0
0397_0004.jpg,0
0397_0007.jpg,0
0397_0008.jpg,0
0397_0011.jpg,0
0397_0015.jpg,0
0397_0016.jpg,0
0397_0017.jpg,0
0397_0018.jpg,0
0397_0019.jpg,0
0398_0004.jpg,0
0398_0007.jpg,0
0398_0008.jpg,0
0398_0011.jpg,0
0398_0015.jpg,0
0398_0016.jpg,0
0398_0017.jpg,0
0398_0018.jpg,0
0398_0019.jpg,0
0399_0004.jpg,0
0399_0007.jpg,0
0399_0008.jpg,0
0399_0011.jpg,0
0399_0015.jpg,0
0399_0016.jpg,0
0399_0017.jpg,0
0399_0018.jpg,0
0399_0019.jpg,0
0400_0004.jpg,0
0400_0007.jpg,0
0400_0008.jpg,0
0400_0011.jpg,0
0400_0015.jpg,0
0400_0016.jpg,0
0400_0017.jpg,0
0400_0018.jpg,0
0400_0019.jpg,0
0401_0004.jpg,0
0401_0007.jpg,0
0401_0008.jpg,0
0401_0011.jpg,0
0401_0015.jpg,0
0401_0016.jpg,0
0401_0017.jpg,0
0401_0018.jpg,0
0401_0019.jpg,0
0402_0004.jpg,0
0402_0007.jpg,0
0402_0008.jpg,0
0402_0011.jpg,0
0402_0015.jpg,0
0402_0016.jpg,0
0402_0017.jpg,0
0402_0018.jpg,0
0402_0019.jpg,0
0403_0004.jpg,0
0403_0007.jpg,0
0403_0008.jpg,0
0403_0011.jpg,0
0403_0015.jpg,0
0403_0016.jpg,0
0403_0017.jpg,0
0403_0018.jpg,0
0403_0019.jpg,0
0404_0004.jpg,0
0404_0007.jpg,0
0404_0008.jpg,0
0404_0011.jpg,0
0404_0015.jpg,0
0404_0016.jpg,0
0404_0017.jpg,0
0404_0018.jpg,0
0404_0019.jpg,0
0405_0004.jpg,0
0405_0007.jpg,0
0405_0008.jpg,0
0405_0011.jpg,0
0405_0015.jpg,0
0405_0016.jpg,0
0405_0017.jpg,0
0405_0018.jpg,0
0405_0019.jpg,0
0406_0004.jpg,0
0406_0007.jpg,0
0406_0008.jpg,0
0406_0011.jpg,0
0406_0015.jpg,0
0406_0016.jpg,0
0406_0017.jpg,0
0406_0018.jpg,0
0406_0019.jpg,0
0407_0004.jpg,0
0407_0007.jpg,0
0407_0008.jpg,0
0407_0011.jpg,0
0407_0015.jpg,0
0407_0016.jpg,0
0407_0017.jpg,0
0407_0018.jpg,0
0407_0019.jpg,0
0408_0004.jpg,0
0408_0007.jpg,0
0408_0008.jpg,0
0408_0011.jpg,0
0408_0015.jpg,0
0408_0016.jpg,0
0408_0017.jpg,0
0408_0018.jpg,0
0408_0019.jpg,0
0409_0004.jpg,0
0409_0007.jpg,0
0409_0008.jpg,0
0409_0011.jpg,0
0409_0015.jpg,0
0409_0016.jpg,0
0409_0017.jpg,0
0409_0018.jpg,0
0409_0019.jpg,0
0410_0004.jpg,0
0410_0007.jpg,0
0410_0008.jpg,0
0410_0011.jpg,0
0410_0015.jpg,0
0410_0016.jpg,0
0410_0017.jpg,0
0410_0018.jpg,0
0410_0019.jpg,0
0411_0004.jpg,0
0411_0007.jpg,0
0411_0008.jpg,0
0411_0011.jpg,0
0411_0015.jpg,0
0411_0016.jpg,0
0411_0017.jpg,0
0411_0018.jpg,0
0411_0019.jpg,0
0412_0004.jpg,0
0412_0007.jpg,0
0412_0008.jpg,0
0412_0011.jpg,0
0412_0015.jpg,0
0412_0016.jpg,0
0412_0017.jpg,0
0412_0018.jpg,0
0412_0019.jpg,0
0413_0004.jpg,0
0413_0007.jpg,0
0413_0008.jpg,0
0413_0011.jpg,0
0413_0015.jpg,0
0413_0016.jpg,0
0413_0017.jpg,0
0413_0018.jpg,0
0413_0019.jpg,0
0414_0004.jpg,0
0414_0007.jpg,0
0414_0008.jpg,0
0414_0011.jpg,0
0414_0015.jpg,0
0414_0016.jpg,0
0414_0017.jpg,0
0414_0018.jpg,0
0414_0019.jpg,0
0415_0004.jpg,0
0415_0007.jpg,0
0415_0008.jpg,0
0415_0011.jpg,0
0415_0015.jpg,0
0415_0016.jpg,0
0415_0017.jpg,0
0415_0018.jpg,0
0415_0019.jpg,0
0416_0004.jpg,0
0416_0007.jpg,0
0416_0008.jpg,0
0416_0011.jpg,0
0416_0015.jpg,0
0416_0016.jpg,0
0416_0017.jpg,0
0416_0018.jpg,0
0416_0019.jpg,0
0417_0004.jpg,0
0417_0007.jpg,0
0417_0008.jpg,0
0417_0011.jpg,0
0417_0015.jpg,0
0417_0016.jpg,0
0417_0017.jpg,0
0417_0018.jpg,0
0417_0019.jpg,0
0418_0004.jpg,0
0418_0007.jpg,0
0418_0008.jpg,0
0418_0011.jpg,0
0418_0015.jpg,0
0418_0016.jpg,0
0418_0017.jpg,0
0418_0018.jpg,0
0418_0019.jpg,0
0419_0004.jpg,0
0419_0007.jpg,0
0419_0008.jpg,0
0419_0011.jpg,0
0419_0016.jpg,0
0419_0017.jpg,0
0419_0018.jpg,0
0419_0019.jpg,0
0420_0004.jpg,0
0420_0007.jpg,0
0420_0008.jpg,0
0420_0011.jpg,0
0420_0016.jpg,0
0420_0017.jpg,0
0420_0018.jpg,0
0420_0019.jpg,0
0421_0004.jpg,0
0421_0007.jpg,0
0421_0008.jpg,0
0421_0011.jpg,0
0421_0016.jpg,0
0421_0017.jpg,0
0421_0018.jpg,0
0421_0019.jpg,0
0422_0004.jpg,0
0422_0007.jpg,0
0422_0008.jpg,0
0422_0011.jpg,0
0422_0016.jpg,0
0422_0017.jpg,0
0422_0018.jpg,0
0422_0019.jpg,0
0423_0004.jpg,0
0423_0007.jpg,0
0423_0008.jpg,0
0423_0011.jpg,0
0423_0016.jpg,0
0423_0017.jpg,0
0423_0018.jpg,0
0423_0019.jpg,0
0424_0004.jpg,0
0424_0007.jpg,0
0424_0008.jpg,0
0424_0011.jpg,0
0424_0016.jpg,0
0424_0017.jpg,0
0424_0018.jpg,0
0424_0019.jpg,0
0425_0004.jpg,0
0425_0007.jpg,0
0425_0008.jpg,0
0425_0011.jpg,0
0425_0016.jpg,0
0425_0017.jpg,0
0425_0018.jpg,0
0425_0019.jpg,0
0426_0004.jpg,0
0426_0007.jpg,0
0426_0008.jpg,0
0426_0011.jpg,0
0426_0016.jpg,0
0426_0017.jpg,0
0426_0018.jpg,0
0426_0019.jpg,0
0427_0004.jpg,0
0427_0007.jpg,0
0427_0008.jpg,0
0427_0011.jpg,0
0427_0016.jpg,0
0427_0017.jpg,0
0427_0018.jpg,0
0427_0019.jpg,0
0428_0004.jpg,0
0428_0007.jpg,0
0428_0008.jpg,0
0428_0011.jpg,0
0428_0016.jpg,0
0428_0017.jpg,0
0428_0018.jpg,0
0428_0019.jpg,0
0428_0023.jpg,0
0429_0004.jpg,0
0429_0007.jpg,0
0429_0008.jpg,0
0429_0011.jpg,0
0429_0016.jpg,0
0429_0017.jpg,0
0429_0018.jpg,0
0429_0019.jpg,0
0429_0023.jpg,0
0430_0004.jpg,0
0430_0007.jpg,0
0430_0008.jpg,0
0430_0011.jpg,0
0430_0016.jpg,0
0430_0017.jpg,0
0430_0018.jpg,0
0430_0019.jpg,0
0430_0023.jpg,0
0431_0004.jpg,0
0431_0007.jpg,0
0431_0008.jpg,0
0431_0011.jpg,0
0431_0016.jpg,0
0431_0017.jpg,0
0431_0018.jpg,0
0431_0019.jpg,0
0431_0023.jpg,0
0432_0004.jpg,0
0432_0007.jpg,0
0432_0008.jpg,0
0432_0011.jpg,0
0432_0016.jpg,0
0432_0017.jpg,0
0432_0018.jpg,0
0432_0019.jpg,0
0432_0023.jpg,0
0433_0004.jpg,0
0433_0007.jpg,0
0433_0008.jpg,0
0433_0011.jpg,0
0433_0016.jpg,0
0433_0017.jpg,0
0433_0018.jpg,0
0433_0019.jpg,0
0433_0023.jpg,0
0434_0004.jpg,0
0434_0007.jpg,0
0434_0008.jpg,0
0434_0011.jpg,0
0434_0016.jpg,0
0434_0017.jpg,0
0434_0018.jpg,0
0434_0019.jpg,0
0434_0023.jpg,0
0435_0004.jpg,0
0435_0007.jpg,0
0435_0008.jpg,0
0435_0011.jpg,0
0435_0017.jpg,0
0435_0018.jpg,0
0435_0019.jpg,0
0435_0023.jpg,0
0436_0004.jpg,0
0436_0007.jpg,0
0436_0008.jpg,0
0436_0011.jpg,0
0436_0017.jpg,0
0436_0018.jpg,0
0436_0019.jpg,0
0436_0023.jpg,0
0437_0004.jpg,0
0437_0007.jpg,0
0437_0008.jpg,0
0437_0011.jpg,0
0437_0017.jpg,0
0437_0018.jpg,0
0437_0019.jpg,0
0437_0023.jpg,0
0438_0004.jpg,0
0438_0007.jpg,0
0438_0008.jpg,0
0438_0011.jpg,0
0438_0017.jpg,0
0438_0018.jpg,0
0438_0019.jpg,0
0438_0023.jpg,0
0439_0004.jpg,0
0439_0007.jpg,0
0439_0008.jpg,0
0439_0011.jpg,0
0439_0017.jpg,0
0439_0018.jpg,0
0439_0019.jpg,0
0439_0023.jpg,0
0440_0004.jpg,0
0440_0007.jpg,0
0440_0008.jpg,0
0440_0011.jpg,0
0440_0017.jpg,0
0440_0018.jpg,0
0440_0019.jpg,0
0440_0023.jpg,0
0441_0004.jpg,0
0441_0007.jpg,0
0441_0008.jpg,0
0441_0011.jpg,0
0441_0017.jpg,0
0441_0018.jpg,0
0441_0019.jpg,0
0441_0023.jpg,0
0442_0004.jpg,0
0442_0007.jpg,0
0442_0008.jpg,0
0442_0011.jpg,0
0442_0017.jpg,0
0442_0018.jpg,0
0442_0019.jpg,0
0442_0023.jpg,0
0443_0004.jpg,0
0443_0007.jpg,0
0443_0008.jpg,0
0443_0011.jpg,0
0443_0017.jpg,0
0443_0018.jpg,0
0443_0019.jpg,0
0443_0023.jpg,0
0444_0004.jpg,0
0444_0007.jpg,0
0444_0008.jpg,0
0444_0011.jpg,0
0444_0017.jpg,0
0444_0018.jpg,0
0444_0019.jpg,0
0444_0023.jpg,0
0445_0004.jpg,0
0445_0007.jpg,0
0445_0008.jpg,0
0445_0011.jpg,0
0445_0017.jpg,0
0445_0018.jpg,0
0445_0019.jpg,0
0445_0023.jpg,0
0446_0004.jpg,0
0446_0007.jpg,0
0446_0008.jpg,0
0446_0009.jpg,0
0446_0011.jpg,0
0446_0017.jpg,0
0446_0018.jpg,0
0446_0019.jpg,0
0446_0020.jpg,0
0446_0023.jpg,0
0447_0004.jpg,0
0447_0007.jpg,0
0447_0008.jpg,0
0447_0009.jpg,0
0447_0011.jpg,0
0447_0017.jpg,0
0447_0018.jpg,0
0447_0019.jpg,0
0447_0020.jpg,0
0447_0023.jpg,0
0448_0004.jpg,0
0448_0007.jpg,0
0448_0008.jpg,0
0448_0009.jpg,0
0448_0011.jpg,0
0448_0017.jpg,0
0448_0018.jpg,0
0448_0019.jpg,0
0448_0020.jpg,0
0448_0023.jpg,0
0449_0004.jpg,0
0449_0007.jpg,0
0449_0008.jpg,0
0449_0009.jpg,0
0449_0011.jpg,0
0449_0017.jpg,0
0449_0018.jpg,0
0449_0019.jpg,0
0449_0020.jpg,0
0449_0021.jpg,0
0449_0023.jpg,0
0450_0004.jpg,0
0450_0007.jpg,0
0450_0008.jpg,0
0450_0009.jpg,0
0450_0011.jpg,0
0450_0017.jpg,0
0450_0018.jpg,0
0450_0019.jpg,0
0450_0020.jpg,0
0450_0021.jpg,0
0450_0023.jpg,0
0451_0004.jpg,0
0451_0007.jpg,0
0451_0008.jpg,0
0451_0009.jpg,0
0451_0011.jpg,0
0451_0017.jpg,0
0451_0018.jpg,0
0451_0019.jpg,0
0451_0020.jpg,0
0451_0021.jpg,0
0451_0023.jpg,0
0452_0004.jpg,0
0452_0007.jpg,0
0452_0008.jpg,0
0452_0009.jpg,0
0452_0011.jpg,0
0452_0017.jpg,0
0452_0018.jpg,0
0452_0019.jpg,0
0452_0020.jpg,0
0452_0021.jpg,0
0452_0023.jpg,0
0453_0004.jpg,0
0453_0007.jpg,0
0453_0008.jpg,0
0453_0009.jpg,0
0453_0011.jpg,0
0453_0017.jpg,0
0453_0018.jpg,0
0453_0019.jpg,0
0453_0020.jpg,0
0453_0021.jpg,0
0453_0023.jpg,0
0454_0004.jpg,0
0454_0007.jpg,0
0454_0008.jpg,0
0454_0009.jpg,0
0454_0011.jpg,0
0454_0017.jpg,0
0454_0018.jpg,0
0454_0019.jpg,0
0454_0020.jpg,0
0454_0021.jpg,0
0454_0023.jpg,0
0455_0004.jpg,0
0455_0007.jpg,0
0455_0008.jpg,0
0455_0009.jpg,0
0455_0011.jpg,0
0455_0017.jpg,0
0455_0018.jpg,0
0455_0019.jpg,0
0455_0020.jpg,0
0455_0021.jpg,0
0455_0023.jpg,0
0456_0004.jpg,0
0456_0007.jpg,0
0456_0008.jpg,0
0456_0009.jpg,0
0456_0011.jpg,0
0456_0017.jpg,0
0456_0018.jpg,0
0456_0019.jpg,0
0456_0020.jpg,0
0456_0021.jpg,0
0456_0023.jpg,0
0457_0004.jpg,0
0457_0007.jpg,0
0457_0008.jpg,0
0457_0009.jpg,0
0457_0011.jpg,0
0457_0017.jpg,0
0457_0018.jpg,0
0457_0019.jpg,0
0457_0020.jpg,0
0457_0021.jpg,0
0457_0023.jpg,0
0458_0004.jpg,0
0458_0007.jpg,0
0458_0008.jpg,0
0458_0009.jpg,0
0458_0011.jpg,0
0458_0017.jpg,0
0458_0018.jpg,0
0458_0019.jpg,0
0458_0020.jpg,0
0458_0021.jpg,0
0458_0023.jpg,0
0459_0004.jpg,0
0459_0007.jpg,0
0459_0008.jpg,0
0459_0009.jpg,0
0459_0011.jpg,0
0459_0017.jpg,0
0459_0018.jpg,0
0459_0019.jpg,0
0459_0020.jpg,0
0459_0021.jpg,0
0459_0023.jpg,0
0460_0004.jpg,0
0460_0007.jpg,0
0460_0008.jpg,0
0460_0009.jpg,0
0460_0011.jpg,0
0460_0017.jpg,0
0460_0018.jpg,0
0460_0019.jpg,0
0460_0020.jpg,0
0460_0021.jpg,0
0460_0023.jpg,0
0461_0004.jpg,0
0461_0007.jpg,0
0461_0008.jpg,0
0461_0009.jpg,0
0461_0011.jpg,0
0461_0017.jpg,0
0461_0018.jpg,0
0461_0019.jpg,0
0461_0020.jpg,0
0461_0021.jpg,0
0461_0023.jpg,0
0462_0004.jpg,0
0462_0007.jpg,0
0462_0008.jpg,0
0462_0009.jpg,0
0462_0011.jpg,0
0462_0017.jpg,0
0462_0018.jpg,0
0462_0019.jpg,0
0462_0020.jpg,0
0462_0021.jpg,0
0462_0023.jpg,0
0463_0004.jpg,0
0463_0007.jpg,0
0463_0008.jpg,0
0463_0009.jpg,0
0463_0011.jpg,0
0463_0017.jpg,0
0463_0018.jpg,0
0463_0019.jpg,0
0463_0020.jpg,0
0463_0021.jpg,0
0463_0023.jpg,0
0464_0004.jpg,0
0464_0007.jpg,0
0464_0008.jpg,0
0464_0009.jpg,0
0464_0011.jpg,0
0464_0017.jpg,0
0464_0018.jpg,0
0464_0019.jpg,0
0464_0020.jpg,0
0464_0021.jpg,0
0464_0023.jpg,0
0465_0004.jpg,0
0465_0008.jpg,0
0465_0009.jpg,0
0465_0011.jpg,0
0465_0017.jpg,0
0465_0018.jpg,0
0465_0019.jpg,0
0465_0020.jpg,0
0465_0021.jpg,0
0465_0023.jpg,0
0466_0004.jpg,0
0466_0008.jpg,0
0466_0009.jpg,0
0466_0011.jpg,0
0466_0017.jpg,0
0466_0018.jpg,0
0466_0019.jpg,0
0466_0020.jpg,0
0466_0021.jpg,0
0466_0023.jpg,0
0467_0004.jpg,0
0467_0008.jpg,0
0467_0009.jpg,0
0467_0011.jpg,0
0467_0017.jpg,0
0467_0018.jpg,0
0467_0019.jpg,0
0467_0020.jpg,0
0467_0021.jpg,0
0467_0023.jpg,0
0468_0004.jpg,0
0468_0008.jpg,0
0468_0009.jpg,0
0468_0011.jpg,0
0468_0017.jpg,0
0468_0018.jpg,0
0468_0019.jpg,0
0468_0020.jpg,0
0468_0021.jpg,0
0468_0023.jpg,0
0469_0004.jpg,0
0469_0008.jpg,0
0469_0009.jpg,0
0469_0011.jpg,0
0469_0017.jpg,0
0469_0018.jpg,0
0469_0019.jpg,0
0469_0020.jpg,0
0469_0021.jpg,0
0469_0023.jpg,0
0470_0004.jpg,0
0470_0008.jpg,0
0470_0009.jpg,0
0470_0011.jpg,0
0470_0017.jpg,0
0470_0018.jpg,0
0470_0019.jpg,0
0470_0020.jpg,0
0470_0021.jpg,0
0470_0023.jpg,0
0471_0004.jpg,0
0471_0008.jpg,0
0471_0009.jpg,0
0471_0011.jpg,0
0471_0017.jpg,0
0471_0018.jpg,0
0471_0019.jpg,0
0471_0020.jpg,0
0471_0021.jpg,0
0471_0023.jpg,0
0472_0004.jpg,0
0472_0008.jpg,0
0472_0009.jpg,0
0472_0011.jpg,0
0472_0017.jpg,0
0472_0018.jpg,0
0472_0019.jpg,0
0472_0020.jpg,0
0472_0021.jpg,0
0472_0023.jpg,0
0473_0004.jpg,0
0473_0008.jpg,0
0473_0009.jpg,0
0473_0011.jpg,0
0473_0017.jpg,0
0473_0018.jpg,0
0473_0019.jpg,0
0473_0020.jpg,0
0473_0021.jpg,0
0473_0023.jpg,0
0474_0004.jpg,0
0474_0008.jpg,0
0474_0009.jpg,0
0474_0011.jpg,0
0474_0017.jpg,0
0474_0018.jpg,0
0474_0019.jpg,0
0474_0020.jpg,0
0474_0021.jpg,0
0474_0023.jpg,0
0475_0004.jpg,0
0475_0008.jpg,0
0475_0009.jpg,0
0475_0011.jpg,0
0475_0017.jpg,0
0475_0018.jpg,0
0475_0019.jpg,0
0475_0020.jpg,0
0475_0021.jpg,0
0475_0023.jpg,0
0476_0004.jpg,0
0476_0008.jpg,0
0476_0009.jpg,0
0476_0011.jpg,0
0476_0014.jpg,0
0476_0017.jpg,0
0476_0018.jpg,0
0476_0019.jpg,0
0476_0020.jpg,0
0476_0021.jpg,0
0476_0023.jpg,0
0477_0004.jpg,0
0477_0008.jpg,0
0477_0009.jpg,0
0477_0011.jpg,0
0477_0014.jpg,0
0477_0017.jpg,0
0477_0018.jpg,0
0477_0019.jpg,0
0477_0020.jpg,0
0477_0021.jpg,0
0477_0023.jpg,0
0478_0004.jpg,0
0478_0008.jpg,0
0478_0009.jpg,0
0478_0011.jpg,0
0478_0014.jpg,0
0478_0017.jpg,0
0478_0018.jpg,0
0478_0019.jpg,0
0478_0020.jpg,0
0478_0021.jpg,0
0478_0023.jpg,0
0479_0004.jpg,0
0479_0008.jpg,0
0479_0009.jpg,0
0479_0011.jpg,0
0479_0014.jpg,0
0479_0017.jpg,0
0479_0018.jpg,0
0479_0019.jpg,0
0479_0020.jpg,0
0479_0021.jpg,0
0479_0023.jpg,0
0480_0004.jpg,0
0480_0008.jpg,0
0480_0009.jpg,0
0480_0011.jpg,0
0480_0014.jpg,0
0480_0017.jpg,0
0480_0018.jpg,0
0480_0019.jpg,0
0480_0020.jpg,0
0480_0021.jpg,0
0480_0023.jpg,0
0481_0004.jpg,0
0481_0008.jpg,0
0481_0009.jpg,0
0481_0011.jpg,0
0481_0014.jpg,0
0481_0017.jpg,0
0481_0018.jpg,0
0481_0019.jpg,0
0481_0020.jpg,0
0481_0021.jpg,0
0481_0023.jpg,0
0482_0004.jpg,0
0482_0008.jpg,0
0482_0009.jpg,0
0482_0011.jpg,0
0482_0014.jpg,0
0482_0017.jpg,0
0482_0018.jpg,0
0482_0019.jpg,0
0482_0020.jpg,0
0482_0021.jpg,0
0482_0023.jpg,0
0483_0004.jpg,0
0483_0008.jpg,0
0483_0009.jpg,0
0483_0011.jpg,0
0483_0014.jpg,0
0483_0017.jpg,0
0483_0018.jpg,0
0483_0019.jpg,0
0483_0020.jpg,0
0483_0021.jpg,0
0483_0023.jpg,0
0484_0004.jpg,0
0484_0008.jpg,0
0484_0009.jpg,0
0484_0011.jpg,0
0484_0014.jpg,0
0484_0017.jpg,0
0484_0018.jpg,0
0484_0019.jpg,0
0484_0020.jpg,0
0484_0021.jpg,0
0484_0023.jpg,0
0485_0004.jpg,0
0485_0008.jpg,0
0485_0009.jpg,0
0485_0011.jpg,0
0485_0014.jpg,0
0485_0017.jpg,0
0485_0018.jpg,0
0485_0019.jpg,0
0485_0020.jpg,0
0485_0021.jpg,0
0485_0023.jpg,0
0486_0004.jpg,0
0486_0008.jpg,0
0486_0009.jpg,0
0486_0010.jpg,0
0486_0011.jpg,0
0486_0014.jpg,0
0486_0017.jpg,0
0486_0018.jpg,0
0486_0019.jpg,0
0486_0020.jpg,0
0486_0021.jpg,0
0486_0023.jpg,0
0487_0004.jpg,0
0487_0008.jpg,0
0487_0009.jpg,0
0487_0010.jpg,0
0487_0011.jpg,0
0487_0014.jpg,0
0487_0017.jpg,0
0487_0018.jpg,0
0487_0019.jpg,0
0487_0020.jpg,0
0487_0021.jpg,0
0487_0023.jpg,0
0488_0004.jpg,0
0488_0008.jpg,0
0488_0009.jpg,0
0488_0010.jpg,0
0488_0011.jpg,0
0488_0014.jpg,0
0488_0017.jpg,0
0488_0018.jpg,0
0488_0019.jpg,0
0488_0020.jpg,0
0488_0021.jpg,0
0488_0023.jpg,0
0489_0004.jpg,0
0489_0008.jpg,0
0489_0009.jpg,0
0489_0010.jpg,0
0489_0011.jpg,0
0489_0014.jpg,0
0489_0017.jpg,0
0489_0018.jpg,0
0489_0019.jpg,0
0489_0020.jpg,0
0489_0021.jpg,0
0489_0023.jpg,0
0490_0004.jpg,0
0490_0008.jpg,0
0490_0009.jpg,0
0490_0010.jpg,0
0490_0011.jpg,0
0490_0014.jpg,0
0490_0017.jpg,0
0490_0018.jpg,0
0490_0019.jpg,0
0490_0020.jpg,0
0490_0021.jpg,0
0490_0023.jpg,0
0491_0008.jpg,0
0491_0009.jpg,0
0491_0010.jpg,0
0491_0011.jpg,0
0491_0014.jpg,0
0491_0017.jpg,0
0491_0018.jpg,0
0491_0019.jpg,0
0491_0020.jpg,0
0491_0021.jpg,0
0491_0023.jpg,0
0492_0008.jpg,0
0492_0009.jpg,0
0492_0010.jpg,0
0492_0011.jpg,0
0492_0014.jpg,0
0492_0017.jpg,0
0492_0018.jpg,0
0492_0020.jpg,0
0492_0021.jpg,0
0492_0023.jpg,0
0493_0008.jpg,0
0493_0009.jpg,0
0493_0010.jpg,0
0493_0011.jpg,0
0493_0014.jpg,0
0493_0017.jpg,0
0493_0018.jpg,0
0493_0020.jpg,0
0493_0021.jpg,0
0493_0023.jpg,0
0494_0008.jpg,0
0494_0009.jpg,0
0494_0010.jpg,0
0494_0011.jpg,0
0494_0014.jpg,0
0494_0017.jpg,0
0494_0018.jpg,0
0494_0020.jpg,0
0494_0021.jpg,0
0494_0023.jpg,0
0495_0008.jpg,0
0495_0009.jpg,0
0495_0010.jpg,0
0495_0011.jpg,0
0495_0014.jpg,0
0495_0017.jpg,0
0495_0018.jpg,0
0495_0020.jpg,0
0495_0021.jpg,0
0495_0023.jpg,0
0496_0008.jpg,0
0496_0009.jpg,0
0496_0010.jpg,0
0496_0011.jpg,0
0496_0014.jpg,0
0496_0017.jpg,0
0496_0018.jpg,0
0496_0020.jpg,0
0496_0021.jpg,0
0496_0023.jpg,0
0497_0008.jpg,0
0497_0009.jpg,0
0497_0010.jpg,0
0497_0011.jpg,0
0497_0014.jpg,0
0497_0017.jpg,0
0497_0018.jpg,0
0497_0020.jpg,0
0497_0021.jpg,0
0497_0023.jpg,0
0498_0008.jpg,0
0498_0009.jpg,0
0498_0010.jpg,0
0498_0011.jpg,0
0498_0014.jpg,0
0498_0017.jpg,0
0498_0018.jpg,0
0498_0020.jpg,0
0498_0021.jpg,0
0498_0023.jpg,0
0499_0008.jpg,0
0499_0009.jpg,0
0499_0010.jpg,0
0499_0011.jpg,0
0499_0014.jpg,0
0499_0017.jpg,0
0499_0018.jpg,0
0499_0020.jpg,0
0499_0021.jpg,0
0499_0023.jpg,0
0500_0008.jpg,0
0500_0009.jpg,0
0500_0010.jpg,0
0500_0011.jpg,0
0500_0014.jpg,0
0500_0017.jpg,0
0500_0018.jpg,0
0500_0020.jpg,0
0500_0021.jpg,0
0500_0023.jpg,0
0501_0008.jpg,0
0501_0009.jpg,0
0501_0010.jpg,0
0501_0011.jpg,0
0501_0014.jpg,0
0501_0017.jpg,0
0501_0018.jpg,0
0501_0020.jpg,0
0501_0021.jpg,0
0501_0023.jpg,0
0502_0008.jpg,0
0502_0009.jpg,0
0502_0010.jpg,0
0502_0011.jpg,0
0502_0014.jpg,0
0502_0017.jpg,0
0502_0018.jpg,0
0502_0020.jpg,0
0502_0021.jpg,0
0502_0023.jpg,0
0503_0008.jpg,0
0503_0009.jpg,0
0503_0010.jpg,0
0503_0011.jpg,0
0503_0014.jpg,0
0503_0017.jpg,0
0503_0018.jpg,0
0503_0020.jpg,0
0503_0021.jpg,0
0503_0023.jpg,0
0504_0008.jpg,0
0504_0009.jpg,0
0504_0010.jpg,0
0504_0011.jpg,0
0504_0014.jpg,0
0504_0017.jpg,0
0504_0018.jpg,0
0504_0020.jpg,0
0504_0021.jpg,0
0504_0023.jpg,0
0505_0008.jpg,0
0505_0009.jpg,0
0505_0010.jpg,0
0505_0011.jpg,0
0505_0014.jpg,0
0505_0017.jpg,0
0505_0018.jpg,0
0505_0020.jpg,0
0505_0021.jpg,0
0505_0023.jpg,0
0506_0008.jpg,0
0506_0009.jpg,0
0506_0010.jpg,0
0506_0011.jpg,0
0506_0014.jpg,0
0506_0017.jpg,0
0506_0018.jpg,0
0506_0020.jpg,0
0506_0021.jpg,0
0506_0023.jpg,0
0507_0008.jpg,0
0507_0009.jpg,0
0507_0010.jpg,0
0507_0011.jpg,0
0507_0014.jpg,0
0507_0017.jpg,0
0507_0018.jpg,0
0507_0020.jpg,0
0507_0021.jpg,0
0507_0023.jpg,0
0508_0008.jpg,0
0508_0009.jpg,0
0508_0010.jpg,0
0508_0011.jpg,0
0508_0014.jpg,0
0508_0017.jpg,0
0508_0018.jpg,0
0508_0020.jpg,0
0508_0021.jpg,0
0508_0023.jpg,0
0509_0008.jpg,0
0509_0009.jpg,0
0509_0010.jpg,0
0509_0011.jpg,0
0509_0014.jpg,0
0509_0017.jpg,0
0509_0018.jpg,0
0509_0020.jpg,0
0509_0021.jpg,0
0509_0023.jpg,0
0510_0008.jpg,0
0510_0009.jpg,0
0510_0010.jpg,0
0510_0011.jpg,0
0510_0014.jpg,0
0510_0017.jpg,0
0510_0018.jpg,0
0510_0020.jpg,0
0510_0021.jpg,0
0510_0023.jpg,0
0511_0008.jpg,0
0511_0009.jpg,0
0511_0010.jpg,0
0511_0011.jpg,0
0511_0014.jpg,0
0511_0017.jpg,0
0511_0018.jpg,0
0511_0020.jpg,0
0511_0021.jpg,0
0511_0023.jpg,0
0512_0008.jpg,0
0512_0009.jpg,0
0512_0010.jpg,0
0512_0011.jpg,0
0512_0014.jpg,0
0512_0017.jpg,0
0512_0018.jpg,0
0512_0020.jpg,0
0512_0021.jpg,0
0512_0023.jpg,0
0513_0008.jpg,0
0513_0009.jpg,0
0513_0010.jpg,0
0513_0011.jpg,0
0513_0014.jpg,0
0513_0017.jpg,0
0513_0018.jpg,0
0513_0020.jpg,0
0513_0021.jpg,0
0513_0023.jpg,0
0514_0008.jpg,0
0514_0009.jpg,0
0514_0010.jpg,0
0514_0011.jpg,0
0514_0014.jpg,0
0514_0017.jpg,0
0514_0018.jpg,0
0514_0020.jpg,0
0514_0021.jpg,0
0514_0023.jpg,0
0515_0008.jpg,0
0515_0009.jpg,0
0515_0010.jpg,0
0515_0011.jpg,0
0515_0014.jpg,0
0515_0017.jpg,0
0515_0018.jpg,0
0515_0020.jpg,0
0515_0021.jpg,0
0515_0023.jpg,0
0516_0008.jpg,0
0516_0009.jpg,0
0516_0010.jpg,0
0516_0011.jpg,0
0516_0014.jpg,0
0516_0017.jpg,0
0516_0018.jpg,0
0516_0020.jpg,0
0516_0021.jpg,0
0516_0023.jpg,0
0517_0008.jpg,0
0517_0009.jpg,0
0517_0010.jpg,0
0517_0011.jpg,0
0517_0014.jpg,0
0517_0017.jpg,0
0517_0018.jpg,0
0517_0020.jpg,0
0517_0021.jpg,0
0517_0023.jpg,0
0518_0008.jpg,0
0518_0009.jpg,0
0518_0010.jpg,0
0518_0011.jpg,0
0518_0014.jpg,0
0518_0017.jpg,0
0518_0018.jpg,0
0518_0020.jpg,0
0518_0021.jpg,0
0518_0023.jpg,0
0519_0008.jpg,0
0519_0009.jpg,0
0519_0010.jpg,0
0519_0011.jpg,0
0519_0014.jpg,0
0519_0017.jpg,0
0519_0018.jpg,0
0519_0020.jpg,0
0519_0021.jpg,0
0519_0023.jpg,0
0520_0008.jpg,0
0520_0009.jpg,0
0520_0010.jpg,0
0520_0011.jpg,0
0520_0014.jpg,0
0520_0017.jpg,0
0520_0018.jpg,0
0520_0020.jpg,0
0520_0021.jpg,0
0520_0023.jpg,0
0521_0008.jpg,0
0521_0009.jpg,0
0521_0010.jpg,0
0521_0011.jpg,0
0521_0014.jpg,0
0521_0017.jpg,0
0521_0018.jpg,0
0521_0020.jpg,0
0521_0021.jpg,0
0521_0023.jpg,0
0522_0008.jpg,0
0522_0009.jpg,0
0522_0010.jpg,0
0522_0011.jpg,0
0522_0014.jpg,0
0522_0017.jpg,0
0522_0018.jpg,0
0522_0020.jpg,0
0522_0021.jpg,0
0522_0023.jpg,0
0523_0008.jpg,0
0523_0009.jpg,0
0523_0010.jpg,0
0523_0011.jpg,0
0523_0014.jpg,0
0523_0017.jpg,0
0523_0018.jpg,0
0523_0020.jpg,0
0523_0021.jpg,0
0523_0023.jpg,0
0524_0008.jpg,0
0524_0009.jpg,0
0524_0010.jpg,0
0524_0011.jpg,0
0524_0014.jpg,0
0524_0017.jpg,0
0524_0018.jpg,0
0524_0020.jpg,0
0524_0021.jpg,0
0524_0023.jpg,0
0525_0008.jpg,0
0525_0009.jpg,0
0525_0010.jpg,0
0525_0011.jpg,0
0525_0014.jpg,0
0525_0017.jpg,0
0525_0018.jpg,0
0525_0020.jpg,0
0525_0021.jpg,0
0525_0023.jpg,0